"","Institution","Year","Month","use_of_force","inmate_count","uof_per_1000"
"1","CCI",2009,"Jan",12,5703,2.10415570752236
"2","COR",2009,"Jan",21,5654,3.71418464803679
"3","HDSP",2009,"Jan",30,4415,6.79501698754247
"4","KVSP",2009,"Jan",26,4789,5.42910837335561
"5","LAC",2009,"Jan",36,4906,7.33795352629433
"6","PBSP",2009,"Jan",12,3394,3.53565114908662
"7","SAC",2009,"Jan",51,2965,17.2006745362563
"8","SVSP",2009,"Jan",28,3974,7.04579768495219
"9","CCI",2009,"Feb",24,5562,4.31499460625674
"10","COR",2009,"Feb",20,5562,3.59582883854728
"11","HDSP",2009,"Feb",33,4424,7.45931283905967
"12","KVSP",2009,"Feb",22,4779,4.6034735300272
"13","LAC",2009,"Feb",35,4925,7.10659898477157
"14","PBSP",2009,"Feb",12,3377,3.55344980752147
"15","SAC",2009,"Feb",26,2963,8.77489031387108
"16","SVSP",2009,"Feb",32,3978,8.04424333836099
"17","CCI",2009,"Mar",28,5259,5.32420612283704
"18","COR",2009,"Mar",21,5505,3.81471389645777
"19","HDSP",2009,"Mar",39,4451,8.76207593799146
"20","KVSP",2009,"Mar",26,4798,5.41892455189662
"21","LAC",2009,"Mar",41,4819,8.50798920937954
"22","PBSP",2009,"Mar",20,3337,5.99340725202278
"23","SAC",2009,"Mar",40,2920,13.6986301369863
"24","SVSP",2009,"Mar",33,4037,8.17438692098093
"25","CCI",2009,"Apr",21,5235,4.01146131805158
"26","COR",2009,"Apr",18,5525,3.2579185520362
"27","HDSP",2009,"Apr",27,4459,6.05516932047544
"28","KVSP",2009,"Apr",22,4823,4.56147625958947
"29","LAC",2009,"Apr",35,4525,7.73480662983425
"30","PBSP",2009,"Apr",9,3360,2.67857142857143
"31","SAC",2009,"Apr",29,2894,10.0207325501037
"32","SVSP",2009,"Apr",34,4220,8.05687203791469
"33","CCI",2009,"May",22,5226,4.20972062763108
"34","COR",2009,"May",14,5413,2.58636615555145
"35","HDSP",2009,"May",40,4493,8.90273759180948
"36","KVSP",2009,"May",36,4816,7.47508305647841
"37","LAC",2009,"May",34,4602,7.38809213385485
"38","PBSP",2009,"May",25,3337,7.49175906502847
"39","SAC",2009,"May",41,2907,14.1038871689027
"40","SVSP",2009,"May",43,4208,10.2186311787072
"41","CCI",2009,"Jun",20,5354,3.73552484124019
"42","COR",2009,"Jun",15,5409,2.77315585135885
"43","HDSP",2009,"Jun",32,4404,7.2661217075386
"44","KVSP",2009,"Jun",19,4733,4.01436720895838
"45","LAC",2009,"Jun",28,4448,6.29496402877698
"46","PBSP",2009,"Jun",14,3258,4.29711479435236
"47","SAC",2009,"Jun",38,2858,13.296011196641
"48","SVSP",2009,"Jun",48,4212,11.3960113960114
"49","CCI",2009,"Jul",24,5559,4.31732325957906
"50","COR",2009,"Jul",20,5426,3.68595650571323
"51","HDSP",2009,"Jul",25,4457,5.60915413955575
"52","KVSP",2009,"Jul",29,4701,6.16890023399277
"53","LAC",2009,"Jul",34,4608,7.37847222222222
"54","PBSP",2009,"Jul",18,3235,5.56414219474498
"55","SAC",2009,"Jul",35,2889,12.1149186569747
"56","SVSP",2009,"Jul",43,4045,10.6304079110012
"57","CCI",2009,"Aug",18,5783,3.11257132975964
"58","COR",2009,"Aug",17,5367,3.16750512390535
"59","HDSP",2009,"Aug",30,4462,6.72344240251009
"60","KVSP",2009,"Aug",31,4697,6.59995741962955
"61","LAC",2009,"Aug",31,4686,6.61545027742211
"62","PBSP",2009,"Aug",16,3219,4.97048772910842
"63","SAC",2009,"Aug",35,2864,12.2206703910615
"64","SVSP",2009,"Aug",43,3692,11.646803900325
"65","CCI",2009,"Sep",26,5741,4.52882773036056
"66","COR",2009,"Sep",21,5264,3.98936170212766
"67","HDSP",2009,"Sep",26,4496,5.78291814946619
"68","KVSP",2009,"Sep",25,4752,5.26094276094276
"69","LAC",2009,"Sep",25,4729,5.28652992175936
"70","PBSP",2009,"Sep",14,3210,4.3613707165109
"71","SAC",2009,"Sep",27,2917,9.25608501885499
"72","SVSP",2009,"Sep",36,3585,10.0418410041841
"73","CCI",2009,"Oct",21,5962,3.52230795035223
"74","COR",2009,"Oct",21,5235,4.01146131805158
"75","HDSP",2009,"Oct",28,4472,6.26118067978533
"76","KVSP",2009,"Oct",21,4746,4.42477876106195
"77","LAC",2009,"Oct",15,4691,3.19761244937114
"78","PBSP",2009,"Oct",8,3210,2.49221183800623
"79","SAC",2009,"Oct",37,2904,12.7410468319559
"80","SVSP",2009,"Oct",37,3760,9.84042553191489
"81","CCI",2009,"Nov",18,5888,3.0570652173913
"82","COR",2009,"Nov",18,5332,3.37584396099025
"83","HDSP",2009,"Nov",32,4469,7.16043857686283
"84","KVSP",2009,"Nov",25,4734,5.28094634558513
"85","LAC",2009,"Nov",25,4588,5.44899738448126
"86","PBSP",2009,"Nov",12,3341,3.59173900029931
"87","SAC",2009,"Nov",27,3083,8.75770353551735
"88","SVSP",2009,"Nov",20,3684,5.42888165038002
"89","CCI",2009,"Dec",19,5907,3.2165227695954
"90","COR",2009,"Dec",25,5478,4.56370938298649
"91","HDSP",2009,"Dec",33,4486,7.35621934908605
"92","KVSP",2009,"Dec",27,4816,5.6063122923588
"93","LAC",2009,"Dec",40,4563,8.76616261231646
"94","PBSP",2009,"Dec",21,3384,6.20567375886525
"95","SAC",2009,"Dec",36,3051,11.7994100294985
"96","SVSP",2009,"Dec",37,3656,10.1203501094092
"97","CCI",2010,"Jan",15,5935,2.5273799494524
"98","COR",2010,"Jan",15,5485,2.73473108477666
"99","HDSP",2010,"Jan",31,4489,6.90576965916685
"100","KVSP",2010,"Jan",32,4796,6.67222685571309
"101","LAC",2010,"Jan",36,4613,7.80403208324301
"102","PBSP",2010,"Jan",21,3367,6.23700623700624
"103","SAC",2010,"Jan",30,3037,9.87816924596641
"104","SVSP",2010,"Jan",41,3786,10.8293713681986
"105","CCI",2010,"Feb",23,5943,3.8700992764597
"106","COR",2010,"Feb",16,5517,2.90012688055102
"107","HDSP",2010,"Feb",17,4555,3.73216245883644
"108","KVSP",2010,"Feb",35,4799,7.29318608043342
"109","LAC",2010,"Feb",34,4628,7.34658599827139
"110","PBSP",2010,"Feb",25,3349,7.46491489997014
"111","SAC",2010,"Feb",26,3021,8.60642171466402
"112","SVSP",2010,"Feb",34,3769,9.02096046696736
"113","CCI",2010,"Mar",30,5874,5.10725229826353
"114","COR",2010,"Mar",17,5515,3.08250226654578
"115","HDSP",2010,"Mar",39,4522,8.62450243255197
"116","KVSP",2010,"Mar",32,4816,6.64451827242525
"117","LAC",2010,"Mar",47,4546,10.3387593488781
"118","PBSP",2010,"Mar",12,3381,3.54924578527063
"119","SAC",2010,"Mar",31,2903,10.6786083362039
"120","SVSP",2010,"Mar",31,3769,8.22499336694083
"121","CCI",2010,"Apr",15,5954,2.51931474638898
"122","COR",2010,"Apr",11,5321,2.06728058635595
"123","HDSP",2010,"Apr",33,4468,7.38585496866607
"124","KVSP",2010,"Apr",28,4811,5.81999584286011
"125","LAC",2010,"Apr",40,4595,8.70511425462459
"126","PBSP",2010,"Apr",17,3332,5.10204081632653
"127","SAC",2010,"Apr",41,2923,14.0266849127609
"128","SVSP",2010,"Apr",55,3780,14.5502645502645
"129","CCI",2010,"May",25,5856,4.26912568306011
"130","COR",2010,"May",23,5239,4.3901507921359
"131","HDSP",2010,"May",40,4501,8.88691401910686
"132","KVSP",2010,"May",31,4831,6.41689091285448
"133","LAC",2010,"May",36,4530,7.94701986754967
"134","PBSP",2010,"May",28,3320,8.43373493975904
"135","SAC",2010,"May",35,2927,11.9576358045781
"136","SVSP",2010,"May",29,3797,7.63760863839874
"137","CCI",2010,"Jun",19,5925,3.20675105485232
"138","COR",2010,"Jun",15,5191,2.88961664419187
"139","HDSP",2010,"Jun",48,4470,10.738255033557
"140","KVSP",2010,"Jun",38,4762,7.97984040319194
"141","LAC",2010,"Jun",37,4503,8.21674439262714
"142","PBSP",2010,"Jun",13,3309,3.92867935932306
"143","SAC",2010,"Jun",43,2923,14.7109134450907
"144","SVSP",2010,"Jun",27,3759,7.18276137270551
"145","CCI",2010,"Jul",18,5970,3.01507537688442
"146","COR",2010,"Jul",17,5216,3.25920245398773
"147","HDSP",2010,"Jul",34,4474,7.5994635672776
"148","KVSP",2010,"Jul",43,4580,9.38864628820961
"149","LAC",2010,"Jul",41,4597,8.91886012616924
"150","PBSP",2010,"Jul",19,3283,5.78738958269875
"151","SAC",2010,"Jul",32,2905,11.0154905335628
"152","SVSP",2010,"Jul",43,3666,11.7294053464266
"153","CCI",2010,"Aug",13,5962,2.18047635021805
"154","COR",2010,"Aug",29,5154,5.6266977105161
"155","HDSP",2010,"Aug",37,4301,8.60265054638456
"156","KVSP",2010,"Aug",37,4381,8.44556037434376
"157","LAC",2010,"Aug",25,4504,5.550621669627
"158","PBSP",2010,"Aug",14,3263,4.29053018694453
"159","SAC",2010,"Aug",29,2903,9.98966586290045
"160","SVSP",2010,"Aug",28,3730,7.50670241286863
"161","CCI",2010,"Sep",20,5848,3.41997264021888
"162","COR",2010,"Sep",15,5109,2.93599530240752
"163","HDSP",2010,"Sep",39,4305,9.05923344947735
"164","KVSP",2010,"Sep",46,4581,10.0414756603362
"165","LAC",2010,"Sep",42,4484,9.36663693131133
"166","PBSP",2010,"Sep",13,3253,3.99631109744851
"167","SAC",2010,"Sep",33,2931,11.2589559877175
"168","SVSP",2010,"Sep",41,3770,10.8753315649867
"169","CCI",2010,"Oct",28,5816,4.81430536451169
"170","COR",2010,"Oct",23,5085,4.52310717797443
"171","HDSP",2010,"Oct",20,4275,4.67836257309941
"172","KVSP",2010,"Oct",36,4680,7.69230769230769
"173","LAC",2010,"Oct",38,4505,8.43507214206437
"174","PBSP",2010,"Oct",15,3225,4.65116279069767
"175","SAC",2010,"Oct",33,2948,11.1940298507463
"176","SVSP",2010,"Oct",54,3742,14.430785676109
"177","CCI",2010,"Nov",16,5753,2.78115765687467
"178","COR",2010,"Nov",16,4986,3.20898515844364
"179","HDSP",2010,"Nov",28,4249,6.58978583196046
"180","KVSP",2010,"Nov",38,4709,8.06965385432151
"181","LAC",2010,"Nov",25,4495,5.56173526140156
"182","PBSP",2010,"Nov",6,3247,1.84785956267324
"183","SAC",2010,"Nov",41,2916,14.0603566529492
"184","SVSP",2010,"Nov",47,3736,12.5802997858672
"185","CCI",2010,"Dec",26,5754,4.51859575947167
"186","COR",2010,"Dec",29,4996,5.80464371497198
"187","HDSP",2010,"Dec",28,4248,6.59133709981168
"188","KVSP",2010,"Dec",48,4671,10.2761721258831
"189","LAC",2010,"Dec",25,4498,5.55802578923966
"190","PBSP",2010,"Dec",15,3221,4.65693883886992
"191","SAC",2010,"Dec",22,2852,7.71388499298738
"192","SVSP",2010,"Dec",35,3778,9.2641609317099
"193","CCI",2011,"Jan",21,5661,3.70959194488606
"194","COR",2011,"Jan",20,4817,4.15196180195142
"195","HDSP",2011,"Jan",19,4176,4.54980842911877
"196","KVSP",2011,"Jan",33,4669,7.06789462411651
"197","LAC",2011,"Jan",36,4493,8.01246383262853
"198","PBSP",2011,"Jan",14,3222,4.34512725015518
"199","SAC",2011,"Jan",26,2810,9.25266903914591
"200","SVSP",2011,"Jan",71,3769,18.8378880339613
"201","CCI",2011,"Feb",19,5558,3.4184958618208
"202","COR",2011,"Feb",14,4656,3.00687285223368
"203","HDSP",2011,"Feb",27,4166,6.48103696591455
"204","KVSP",2011,"Feb",33,4664,7.07547169811321
"205","LAC",2011,"Feb",35,4374,8.00182898948331
"206","PBSP",2011,"Feb",7,3165,2.21169036334913
"207","SAC",2011,"Feb",31,2799,11.0753840657378
"208","SVSP",2011,"Feb",48,3764,12.7523910733262
"209","CCI",2011,"Mar",22,5546,3.96682293544897
"210","COR",2011,"Mar",23,4948,4.64834276475344
"211","HDSP",2011,"Mar",20,4133,4.8390999274135
"212","KVSP",2011,"Mar",35,4637,7.54798361009273
"213","LAC",2011,"Mar",36,4388,8.20419325432999
"214","PBSP",2011,"Mar",26,3182,8.17096165933375
"215","SAC",2011,"Mar",27,2771,9.74377481053771
"216","SVSP",2011,"Mar",53,3759,14.0994945464219
"217","CCI",2011,"Apr",28,5599,5.00089301661011
"218","COR",2011,"Apr",25,4923,5.07820434694292
"219","HDSP",2011,"Apr",16,4205,3.80499405469679
"220","KVSP",2011,"Apr",24,4613,5.20268805549534
"221","LAC",2011,"Apr",44,4353,10.1079715138985
"222","PBSP",2011,"Apr",22,3155,6.97305863708399
"223","SAC",2011,"Apr",35,2839,12.3282846072561
"224","SVSP",2011,"Apr",39,3811,10.2335345053792
"225","CCI",2011,"May",31,5729,5.41106650375284
"226","COR",2011,"May",23,4955,4.64177598385469
"227","HDSP",2011,"May",34,4223,8.05114847264977
"228","KVSP",2011,"May",40,4628,8.64304235090752
"229","LAC",2011,"May",36,4320,8.33333333333333
"230","PBSP",2011,"May",20,3082,6.48929266709929
"231","SAC",2011,"May",40,2840,14.0845070422535
"232","SVSP",2011,"May",58,3823,15.171331415119
"233","CCI",2011,"Jun",33,5626,5.86562388908638
"234","COR",2011,"Jun",16,4982,3.21156162183862
"235","HDSP",2011,"Jun",29,4255,6.81551116333725
"236","KVSP",2011,"Jun",46,4680,9.82905982905983
"237","LAC",2011,"Jun",34,4322,7.86672836649699
"238","PBSP",2011,"Jun",20,3134,6.38162093171666
"239","SAC",2011,"Jun",38,2850,13.3333333333333
"240","SVSP",2011,"Jun",37,3879,9.53854086104666
"241","CCI",2011,"Jul",36,5732,6.28053035589672
"242","COR",2011,"Jul",36,4876,7.383100902379
"243","HDSP",2011,"Jul",46,4241,10.8464984673426
"244","KVSP",2011,"Jul",48,4718,10.1738024586689
"245","LAC",2011,"Jul",40,4220,9.47867298578199
"246","PBSP",2011,"Jul",21,3212,6.53798256537983
"247","SAC",2011,"Jul",47,2837,16.5667959111738
"248","SVSP",2011,"Jul",43,3955,10.8723135271808
"249","CCI",2011,"Aug",31,5673,5.46448087431694
"250","COR",2011,"Aug",34,4888,6.95581014729951
"251","HDSP",2011,"Aug",33,4293,7.6869322152341
"252","KVSP",2011,"Aug",48,4699,10.2149393487976
"253","LAC",2011,"Aug",46,4290,10.7226107226107
"254","PBSP",2011,"Aug",9,3262,2.75904353157572
"255","SAC",2011,"Aug",34,2820,12.0567375886525
"256","SVSP",2011,"Aug",54,3937,13.7160274320549
"257","CCI",2011,"Sep",28,5701,4.9114190492896
"258","COR",2011,"Sep",23,5005,4.5954045954046
"259","HDSP",2011,"Sep",29,4292,6.75675675675676
"260","KVSP",2011,"Sep",36,4684,7.68573868488471
"261","LAC",2011,"Sep",28,4306,6.50255457501161
"262","PBSP",2011,"Sep",10,3272,3.05623471882641
"263","SAC",2011,"Sep",39,2851,13.6794107330761
"264","SVSP",2011,"Sep",58,3950,14.6835443037975
"265","CCI",2011,"Oct",27,5509,4.90107097476856
"266","COR",2011,"Oct",26,4990,5.21042084168337
"267","HDSP",2011,"Oct",33,4133,7.98451488023228
"268","KVSP",2011,"Oct",43,4629,9.28926333981421
"269","LAC",2011,"Oct",37,4322,8.56085145765849
"270","PBSP",2011,"Oct",12,3228,3.71747211895911
"271","SAC",2011,"Oct",43,2836,15.1622002820874
"272","SVSP",2011,"Oct",39,3982,9.79407332998493
"273","CCI",2011,"Nov",35,5236,6.68449197860963
"274","COR",2011,"Nov",28,4817,5.81274652273199
"275","HDSP",2011,"Nov",25,4057,6.16218880946512
"276","KVSP",2011,"Nov",26,4437,5.85981519044399
"277","LAC",2011,"Nov",40,3937,10.1600203200406
"278","PBSP",2011,"Nov",18,3215,5.59875583203732
"279","SAC",2011,"Nov",36,2827,12.7343473646976
"280","SVSP",2011,"Nov",55,3944,13.9452332657201
"281","CCI",2011,"Dec",27,5089,5.30556101395166
"282","COR",2011,"Dec",29,4797,6.04544506983531
"283","HDSP",2011,"Dec",20,4082,4.89955903968643
"284","KVSP",2011,"Dec",21,4368,4.80769230769231
"285","LAC",2011,"Dec",37,3851,9.6078940534926
"286","PBSP",2011,"Dec",22,3165,6.95102685624013
"287","SAC",2011,"Dec",30,2847,10.5374077976818
"288","SVSP",2011,"Dec",45,3955,11.378002528445
"289","CCI",2012,"Jan",20,4599,4.34877147205914
"290","COR",2012,"Jan",24,4566,5.25624178712221
"291","HDSP",2012,"Jan",34,3955,8.59671302149178
"292","KVSP",2012,"Jan",34,4336,7.84132841328413
"293","LAC",2012,"Jan",31,3583,8.65196762489534
"294","PBSP",2012,"Jan",26,3076,8.45253576072822
"295","SAC",2012,"Jan",33,2891,11.4147353856797
"296","SVSP",2012,"Jan",55,3934,13.9806812404677
"297","CCI",2012,"Feb",10,4659,2.14638334406525
"298","COR",2012,"Feb",22,4430,4.96613995485327
"299","HDSP",2012,"Feb",33,3874,8.51832731027362
"300","KVSP",2012,"Feb",35,4210,8.31353919239905
"301","LAC",2012,"Feb",35,3727,9.39093104373491
"302","PBSP",2012,"Feb",18,3076,5.851755526658
"303","SAC",2012,"Feb",23,2811,8.18214158662398
"304","SVSP",2012,"Feb",45,3741,12.0288692862871
"305","CCI",2012,"Mar",20,4728,4.23011844331641
"306","COR",2012,"Mar",25,4504,5.550621669627
"307","HDSP",2012,"Mar",18,3786,4.75435816164818
"308","KVSP",2012,"Mar",34,4174,8.14566363200767
"309","LAC",2012,"Mar",36,3894,9.24499229583975
"310","PBSP",2012,"Mar",19,3091,6.14687803299903
"311","SAC",2012,"Mar",33,2786,11.8449389806174
"312","SVSP",2012,"Mar",48,3532,13.5900339750849
"313","CCI",2012,"Apr",12,4636,2.58843830888697
"314","COR",2012,"Apr",29,4558,6.3624396665204
"315","HDSP",2012,"Apr",32,3722,8.59752821063944
"316","KVSP",2012,"Apr",38,4179,9.09308446996889
"317","LAC",2012,"Apr",31,3936,7.8760162601626
"318","PBSP",2012,"Apr",13,3078,4.22352176738142
"319","SAC",2012,"Apr",40,2750,14.5454545454545
"320","SVSP",2012,"Apr",40,3538,11.3058224985868
"321","CCI",2012,"May",15,4557,3.2916392363397
"322","COR",2012,"May",36,4658,7.7286389008158
"323","HDSP",2012,"May",39,3754,10.3889184869473
"324","KVSP",2012,"May",30,4196,7.14966634890372
"325","LAC",2012,"May",46,3950,11.6455696202532
"326","PBSP",2012,"May",22,3113,7.06713780918728
"327","SAC",2012,"May",26,2700,9.62962962962963
"328","SVSP",2012,"May",52,3534,14.7142048670062
"329","CCI",2012,"Jun",18,4607,3.90709789450836
"330","COR",2012,"Jun",26,4657,5.58299334335409
"331","HDSP",2012,"Jun",30,3734,8.03427959292983
"332","KVSP",2012,"Jun",35,4186,8.36120401337793
"333","LAC",2012,"Jun",36,3938,9.14169629253428
"334","PBSP",2012,"Jun",28,3177,8.81334592382751
"335","SAC",2012,"Jun",53,2720,19.4852941176471
"336","SVSP",2012,"Jun",49,3560,13.7640449438202
"337","CCI",2012,"Jul",27,4685,5.76307363927428
"338","COR",2012,"Jul",28,4743,5.90343664347459
"339","HDSP",2012,"Jul",28,3729,7.50871547331724
"340","KVSP",2012,"Jul",53,4149,12.7741624487828
"341","LAC",2012,"Jul",39,3955,9.86093552465234
"342","PBSP",2012,"Jul",19,3153,6.02600697748176
"343","SAC",2012,"Jul",33,2684,12.2950819672131
"344","SVSP",2012,"Jul",40,3547,11.2771356075557
"345","CCI",2012,"Aug",15,4764,3.14861460957179
"346","COR",2012,"Aug",33,4706,7.0123246918827
"347","HDSP",2012,"Aug",18,3684,4.88599348534202
"348","KVSP",2012,"Aug",48,4082,11.7589416952474
"349","LAC",2012,"Aug",28,3919,7.14467976524624
"350","PBSP",2012,"Aug",19,3139,6.05288308378464
"351","SAC",2012,"Aug",34,2654,12.810851544838
"352","SVSP",2012,"Aug",37,3572,10.3583426651736
"353","CCI",2012,"Sep",25,4768,5.24328859060403
"354","COR",2012,"Sep",27,4729,5.70945231550011
"355","HDSP",2012,"Sep",12,3614,3.32042058660764
"356","KVSP",2012,"Sep",34,3977,8.54915765652502
"357","LAC",2012,"Sep",47,3891,12.0791570290414
"358","PBSP",2012,"Sep",18,3101,5.80457916801032
"359","SAC",2012,"Sep",36,2654,13.5644310474755
"360","SVSP",2012,"Sep",29,3509,8.26446280991736
"361","CCI",2012,"Oct",15,4676,3.20786997433704
"362","COR",2012,"Oct",28,4703,5.95364660854774
"363","HDSP",2012,"Oct",34,3531,9.62900028320589
"364","KVSP",2012,"Oct",24,3975,6.0377358490566
"365","LAC",2012,"Oct",30,3836,7.82064650677789
"366","PBSP",2012,"Oct",17,3071,5.53565613806578
"367","SAC",2012,"Oct",36,2572,13.9968895800933
"368","SVSP",2012,"Oct",33,3559,9.27226749086822
"369","CCI",2012,"Nov",14,4529,3.09119010819165
"370","COR",2012,"Nov",25,4652,5.37403267411866
"371","HDSP",2012,"Nov",21,3512,5.97949886104784
"372","KVSP",2012,"Nov",30,3967,7.56238971514999
"373","LAC",2012,"Nov",37,3799,9.739405106607
"374","PBSP",2012,"Nov",13,3032,4.28759894459103
"375","SAC",2012,"Nov",29,2532,11.4533965244866
"376","SVSP",2012,"Nov",42,3621,11.5990057995029
"377","CCI",2012,"Dec",13,4508,2.88376220053239
"378","COR",2012,"Dec",11,4611,2.38559965300369
"379","HDSP",2012,"Dec",17,3440,4.94186046511628
"380","KVSP",2012,"Dec",36,3870,9.30232558139535
"381","LAC",2012,"Dec",46,3750,12.2666666666667
"382","PBSP",2012,"Dec",20,2980,6.71140939597315
"383","SAC",2012,"Dec",20,2557,7.82166601486117
"384","SVSP",2012,"Dec",31,3637,8.52350838603244
"385","CCI",2013,"Jan",18,4464,4.03225806451613
"386","COR",2013,"Jan",22,4581,4.80244488103034
"387","HDSP",2013,"Jan",22,3478,6.32547441058079
"388","KVSP",2013,"Jan",46,3792,12.1308016877637
"389","LAC",2013,"Jan",39,3718,10.4895104895105
"390","PBSP",2013,"Jan",25,2909,8.5940185630801
"391","SAC",2013,"Jan",34,2473,13.7484836231298
"392","SVSP",2013,"Jan",37,3592,10.3006681514477
"393","CCI",2013,"Feb",10,4555,2.1953896816685
"394","COR",2013,"Feb",22,4496,4.8932384341637
"395","HDSP",2013,"Feb",17,3469,4.90054770827328
"396","KVSP",2013,"Feb",28,3775,7.41721854304636
"397","LAC",2013,"Feb",30,3804,7.88643533123028
"398","PBSP",2013,"Feb",10,2865,3.49040139616056
"399","SAC",2013,"Feb",33,2391,13.801756587202
"400","SVSP",2013,"Feb",39,3577,10.9029913335197
"401","CCI",2013,"Mar",14,4635,3.02049622437972
"402","COR",2013,"Mar",24,4498,5.33570475767007
"403","HDSP",2013,"Mar",18,3453,5.2128583840139
"404","KVSP",2013,"Mar",37,3723,9.9382218640881
"405","LAC",2013,"Mar",46,3763,12.2242891310125
"406","PBSP",2013,"Mar",27,2858,9.44716585024493
"407","SAC",2013,"Mar",32,2324,13.7693631669535
"408","SVSP",2013,"Mar",54,3575,15.1048951048951
"409","CCI",2013,"Apr",15,4590,3.26797385620915
"410","COR",2013,"Apr",25,4421,5.65482922415743
"411","HDSP",2013,"Apr",18,3360,5.35714285714286
"412","KVSP",2013,"Apr",33,3702,8.91410048622366
"413","LAC",2013,"Apr",35,3758,9.31346460883449
"414","PBSP",2013,"Apr",18,2872,6.26740947075209
"415","SAC",2013,"Apr",35,2240,15.625
"416","SVSP",2013,"Apr",40,3497,11.4383757506434
"417","CCI",2013,"May",14,4592,3.04878048780488
"418","COR",2013,"May",28,4394,6.37232589895312
"419","HDSP",2013,"May",20,3295,6.06980273141123
"420","KVSP",2013,"May",32,3715,8.61372812920592
"421","LAC",2013,"May",48,3743,12.8239380176329
"422","PBSP",2013,"May",20,2860,6.99300699300699
"423","SAC",2013,"May",38,2202,17.2570390554042
"424","SVSP",2013,"May",45,3475,12.9496402877698
"425","CCI",2013,"Jun",12,4579,2.62065953264905
"426","COR",2013,"Jun",25,4423,5.6522722134298
"427","HDSP",2013,"Jun",21,3261,6.43974241030359
"428","KVSP",2013,"Jun",37,3685,10.0407055630936
"429","LAC",2013,"Jun",24,3679,6.52351182386518
"430","PBSP",2013,"Jun",18,2831,6.35817732250088
"431","SAC",2013,"Jun",35,2181,16.0476845483723
"432","SVSP",2013,"Jun",49,3487,14.0521938629194
"433","CCI",2013,"Jul",17,4568,3.7215411558669
"434","COR",2013,"Jul",23,4268,5.38894095595127
"435","HDSP",2013,"Jul",29,3287,8.82263462123517
"436","KVSP",2013,"Jul",42,3698,11.3574905354246
"437","LAC",2013,"Jul",38,3623,10.488545404361
"438","PBSP",2013,"Jul",20,2820,7.09219858156028
"439","SAC",2013,"Jul",31,2237,13.857845328565
"440","SVSP",2013,"Jul",58,3527,16.4445704564786
"441","CCI",2013,"Aug",24,4704,5.10204081632653
"442","COR",2013,"Aug",33,4342,7.60018424689083
"443","HDSP",2013,"Aug",25,3305,7.5642965204236
"444","KVSP",2013,"Aug",41,3725,11.006711409396
"445","LAC",2013,"Aug",53,3659,14.48483192129
"446","PBSP",2013,"Aug",14,2694,5.19673348181143
"447","SAC",2013,"Aug",27,2165,12.4711316397229
"448","SVSP",2013,"Aug",43,3520,12.2159090909091
"449","CCI",2013,"Sep",16,4731,3.38194884802367
"450","COR",2013,"Sep",21,4380,4.79452054794521
"451","HDSP",2013,"Sep",10,3334,2.99940011997601
"452","KVSP",2013,"Sep",34,3711,9.16195095661547
"453","LAC",2013,"Sep",24,3716,6.45855758880517
"454","PBSP",2013,"Sep",18,2716,6.62739322533137
"455","SAC",2013,"Sep",33,2097,15.7367668097282
"456","SVSP",2013,"Sep",29,3522,8.23395797842135
"457","CCI",2013,"Oct",15,4597,3.26299760713509
"458","COR",2013,"Oct",30,4409,6.80426400544341
"459","HDSP",2013,"Oct",14,3384,4.1371158392435
"460","KVSP",2013,"Oct",27,3719,7.26001613336918
"461","LAC",2013,"Oct",27,3790,7.12401055408971
"462","PBSP",2013,"Oct",16,2669,5.99475458973398
"463","SAC",2013,"Oct",28,2104,13.3079847908745
"464","SVSP",2013,"Oct",41,3473,11.8053556003455
"465","CCI",2013,"Nov",9,4433,2.03022783667945
"466","COR",2013,"Nov",25,4357,5.73789304567363
"467","HDSP",2013,"Nov",24,3314,7.24200362100181
"468","KVSP",2013,"Nov",17,3753,4.52970956568079
"469","LAC",2013,"Nov",40,3725,10.738255033557
"470","PBSP",2013,"Nov",10,2663,3.75516334960571
"471","SAC",2013,"Nov",21,2182,9.62419798350138
"472","SVSP",2013,"Nov",36,3417,10.5355575065847
"473","CCI",2013,"Dec",20,4419,4.52591083955646
"474","COR",2013,"Dec",29,4353,6.66207213416035
"475","HDSP",2013,"Dec",14,3366,4.1592394533571
"476","KVSP",2013,"Dec",32,3741,8.55386260358193
"477","LAC",2013,"Dec",33,3697,8.9261563429808
"478","PBSP",2013,"Dec",6,2659,2.25648740127868
"479","SAC",2013,"Dec",34,2202,15.4405086285195
"480","SVSP",2013,"Dec",35,3377,10.364228605271
"481","CCI",2014,"Jan",17,4407,3.85749943272067
"482","COR",2014,"Jan",25,4371,5.71951498512926
"483","HDSP",2014,"Jan",30,3383,8.86786875554242
"484","KVSP",2014,"Jan",29,3682,7.87615426398696
"485","LAC",2014,"Jan",35,3692,9.47995666305525
"486","PBSP",2014,"Jan",10,2701,3.70233246945576
"487","SAC",2014,"Jan",47,2184,21.5201465201465
"488","SVSP",2014,"Jan",27,3388,7.96930342384888
"489","CCI",2014,"Feb",15,4361,3.43957807842238
"490","COR",2014,"Feb",21,4371,4.80439258750858
"491","HDSP",2014,"Feb",24,3436,6.9848661233993
"492","KVSP",2014,"Feb",26,3749,6.93518271539077
"493","LAC",2014,"Feb",32,3669,8.72172254020169
"494","PBSP",2014,"Feb",9,2717,3.31247699668752
"495","SAC",2014,"Feb",35,2210,15.8371040723982
"496","SVSP",2014,"Feb",31,3312,9.35990338164251
"497","CCI",2014,"Mar",21,4359,4.81761871988988
"498","COR",2014,"Mar",32,4305,7.43321718931475
"499","HDSP",2014,"Mar",28,3390,8.25958702064897
"500","KVSP",2014,"Mar",39,3775,10.3311258278146
"501","LAC",2014,"Mar",30,3599,8.33564879133093
"502","PBSP",2014,"Mar",3,2754,1.08932461873638
"503","SAC",2014,"Mar",34,2189,15.5322064869804
"504","SVSP",2014,"Mar",43,3354,12.8205128205128
"505","CCI",2014,"Apr",10,4403,2.27117874176698
"506","COR",2014,"Apr",25,4339,5.76169624337405
"507","HDSP",2014,"Apr",10,3318,3.01386377335744
"508","KVSP",2014,"Apr",27,3792,7.12025316455696
"509","LAC",2014,"Apr",38,3572,10.6382978723404
"510","PBSP",2014,"Apr",10,2768,3.61271676300578
"511","SAC",2014,"Apr",26,2253,11.5401686640036
"512","SVSP",2014,"Apr",37,3358,11.0184633710542
"513","CCI",2014,"May",17,4420,3.84615384615385
"514","COR",2014,"May",25,4352,5.74448529411765
"515","HDSP",2014,"May",28,3313,8.45155448234229
"516","KVSP",2014,"May",32,3855,8.30090791180285
"517","LAC",2014,"May",41,3562,11.5103874227962
"518","PBSP",2014,"May",11,2789,3.94406597346719
"519","SAC",2014,"May",44,2247,19.5816644414775
"520","SVSP",2014,"May",44,3352,13.126491646778
"521","CCI",2014,"Jun",13,4395,2.95790671217292
"522","COR",2014,"Jun",24,4287,5.59832050384884
"523","HDSP",2014,"Jun",28,3307,8.4668884185062
"524","KVSP",2014,"Jun",19,3847,4.93891343904341
"525","LAC",2014,"Jun",39,3560,10.9550561797753
"526","PBSP",2014,"Jun",13,2821,4.60829493087558
"527","SAC",2014,"Jun",32,2262,14.1467727674624
"528","SVSP",2014,"Jun",42,3357,12.5111706881144
"529","CCI",2014,"Jul",15,4408,3.40290381125227
"530","COR",2014,"Jul",20,4335,4.61361014994233
"531","HDSP",2014,"Jul",20,3343,5.98265031408914
"532","KVSP",2014,"Jul",24,3835,6.25814863102999
"533","LAC",2014,"Jul",37,3607,10.2578319933463
"534","PBSP",2014,"Jul",8,2821,2.83587380361574
"535","SAC",2014,"Jul",61,2231,27.341999103541
"536","SVSP",2014,"Jul",24,3367,7.12800712800713
"537","CCI",2014,"Aug",18,4482,4.01606425702811
"538","COR",2014,"Aug",29,4314,6.72229949003245
"539","HDSP",2014,"Aug",22,3437,6.40093104451557
"540","KVSP",2014,"Aug",31,3811,8.13434794017318
"541","LAC",2014,"Aug",44,3593,12.2460339549123
"542","PBSP",2014,"Aug",9,2857,3.15015750787539
"543","SAC",2014,"Aug",52,2216,23.4657039711191
"544","SVSP",2014,"Aug",41,3457,11.859994214637
"545","CCI",2014,"Sep",17,4482,3.79294957608211
"546","COR",2014,"Sep",32,4375,7.31428571428571
"547","HDSP",2014,"Sep",22,3474,6.33275762809442
"548","KVSP",2014,"Sep",28,3835,7.30117340286832
"549","LAC",2014,"Sep",19,3582,5.30429927414852
"550","PBSP",2014,"Sep",5,2830,1.76678445229682
"551","SAC",2014,"Sep",53,2211,23.9710538218001
"552","SVSP",2014,"Sep",41,3500,11.7142857142857
"553","CCI",2014,"Oct",7,4398,1.59163256025466
"554","COR",2014,"Oct",30,4381,6.84775165487332
"555","HDSP",2014,"Oct",20,3542,5.64652738565782
"556","KVSP",2014,"Oct",27,3835,7.04041720990874
"557","LAC",2014,"Oct",45,3548,12.6832018038331
"558","PBSP",2014,"Oct",6,2785,2.15439856373429
"559","SAC",2014,"Oct",43,2165,19.8614318706697
"560","SVSP",2014,"Oct",49,3485,14.0602582496413
"561","CCI",2014,"Nov",8,4404,1.81653042688465
"562","COR",2014,"Nov",22,4369,5.03547722590982
"563","HDSP",2014,"Nov",18,3528,5.10204081632653
"564","KVSP",2014,"Nov",17,3832,4.43632567849687
"565","LAC",2014,"Nov",41,3544,11.568848758465
"566","PBSP",2014,"Nov",5,2785,1.79533213644524
"567","SAC",2014,"Nov",41,2175,18.8505747126437
"568","SVSP",2014,"Nov",49,3489,14.0441387216968
"569","CCI",2014,"Dec",8,4329,1.84800184800185
"570","COR",2014,"Dec",29,4219,6.87366674567433
"571","HDSP",2014,"Dec",23,3578,6.42817216321968
"572","KVSP",2014,"Dec",18,3795,4.74308300395257
"573","LAC",2014,"Dec",33,3513,9.39368061485909
"574","PBSP",2014,"Dec",5,2696,1.85459940652819
"575","SAC",2014,"Dec",44,2196,20.0364298724954
"576","SVSP",2014,"Dec",34,3566,9.53449242849131
"577","CCI",2015,"Jan",8,4329,1.84800184800185
"578","COR",2015,"Jan",18,4219,4.26641384214269
"579","HDSP",2015,"Jan",20,3578,5.58971492453885
"580","KVSP",2015,"Jan",26,3795,6.85111989459816
"581","LAC",2015,"Jan",32,3513,9.10902362653003
"582","PBSP",2015,"Jan",4,2696,1.48367952522255
"583","SAC",2015,"Jan",40,2196,18.2149362477231
"584","SVSP",2015,"Jan",40,3566,11.2170499158721
"585","CCI",2015,"Feb",12,4191,2.86327845382963
"586","COR",2015,"Feb",16,4084,3.9177277179236
"587","HDSP",2015,"Feb",12,3497,3.43151272519302
"588","KVSP",2015,"Feb",32,3779,8.46784863720561
"589","LAC",2015,"Feb",42,3514,11.9521912350598
"590","PBSP",2015,"Feb",7,2631,2.66058532877233
"591","SAC",2015,"Feb",32,2180,14.6788990825688
"592","SVSP",2015,"Feb",24,3592,6.6815144766147
"593","CCI",2015,"Mar",13,4112,3.16147859922179
"594","COR",2015,"Mar",25,4089,6.11396429444852
"595","HDSP",2015,"Mar",28,3392,8.25471698113208
"596","KVSP",2015,"Mar",21,3738,5.61797752808989
"597","LAC",2015,"Mar",37,3502,10.5653912050257
"598","PBSP",2015,"Mar",6,2624,2.28658536585366
"599","SAC",2015,"Mar",57,2238,25.4691689008043
"600","SVSP",2015,"Mar",39,3590,10.8635097493036
"601","CCI",2015,"Apr",5,4112,1.215953307393
"602","COR",2015,"Apr",29,4089,7.09219858156028
"603","HDSP",2015,"Apr",15,3392,4.42216981132075
"604","KVSP",2015,"Apr",27,3738,7.223113964687
"605","LAC",2015,"Apr",31,3502,8.85208452312964
"606","PBSP",2015,"Apr",8,2624,3.04878048780488
"607","SAC",2015,"Apr",38,2238,16.9794459338695
"608","SVSP",2015,"Apr",41,3590,11.4206128133705
"609","CCI",2015,"May",11,3851,2.85640093482212
"610","COR",2015,"May",40,4322,9.25497454881999
"611","HDSP",2015,"May",24,3314,7.24200362100181
"612","KVSP",2015,"May",25,3750,6.66666666666667
"613","LAC",2015,"May",33,3507,9.40975192472198
"614","PBSP",2015,"May",11,2680,4.1044776119403
"615","SAC",2015,"May",58,2242,25.8697591436218
"616","SVSP",2015,"May",36,3677,9.79059015501768
"617","CCI",2015,"Jun",14,3931,3.56143474942763
"618","COR",2015,"Jun",20,4405,4.54029511918275
"619","HDSP",2015,"Jun",23,3300,6.96969696969697
"620","KVSP",2015,"Jun",23,3638,6.32215503023639
"621","LAC",2015,"Jun",35,3494,10.0171722953635
"622","PBSP",2015,"Jun",17,2742,6.1998541210795
"623","SAC",2015,"Jun",41,2319,17.6800344976283
"624","SVSP",2015,"Jun",29,3678,7.8847199564981
"625","CCI",2015,"Jul",17,3928,4.32790224032587
"626","COR",2015,"Jul",38,4427,8.58369098712446
"627","HDSP",2015,"Jul",21,3398,6.18010594467334
"628","KVSP",2015,"Jul",34,3628,9.3715545755237
"629","LAC",2015,"Jul",45,3503,12.846131886954
"630","PBSP",2015,"Jul",13,2720,4.77941176470588
"631","SAC",2015,"Jul",54,2310,23.3766233766234
"632","SVSP",2015,"Jul",37,3707,9.98111680604262
"633","CCI",2015,"Aug",12,3905,3.0729833546735
"634","COR",2015,"Aug",14,4371,3.20292839167239
"635","HDSP",2015,"Aug",28,3288,8.51581508515815
"636","KVSP",2015,"Aug",33,3676,8.97714907508161
"637","LAC",2015,"Aug",44,3497,12.5822133257077
"638","PBSP",2015,"Aug",5,2736,1.82748538011696
"639","SAC",2015,"Aug",46,2271,20.2553940995156
"640","SVSP",2015,"Aug",41,3693,11.1020850257243
"641","CCI",2015,"Sep",13,3814,3.40849501835343
"642","COR",2015,"Sep",27,4371,6.1770761839396
"643","HDSP",2015,"Sep",22,3338,6.59077291791492
"644","KVSP",2015,"Sep",31,3714,8.34679590737749
"645","LAC",2015,"Sep",37,3516,10.5233219567691
"646","PBSP",2015,"Sep",5,2736,1.82748538011696
"647","SAC",2015,"Sep",48,2226,21.5633423180593
"648","SVSP",2015,"Sep",34,3693,9.20660709450311
"649","CCI",2015,"Oct",19,3783,5.02246893999471
"650","COR",2015,"Oct",39,4408,8.8475499092559
"651","HDSP",2015,"Oct",17,3437,4.94617398894385
"652","KVSP",2015,"Oct",33,3792,8.70253164556962
"653","LAC",2015,"Oct",34,3570,9.52380952380953
"654","PBSP",2015,"Oct",7,2597,2.69541778975741
"655","SAC",2015,"Oct",62,2184,28.3882783882784
"656","SVSP",2015,"Oct",41,3770,10.8753315649867
"657","CCI",2015,"Nov",7,3755,1.8641810918775
"658","COR",2015,"Nov",34,4313,7.88314398330628
"659","HDSP",2015,"Nov",23,3489,6.59214674691889
"660","KVSP",2015,"Nov",24,3949,6.07748797163839
"661","LAC",2015,"Nov",43,3575,12.027972027972
"662","PBSP",2015,"Nov",8,2514,3.18217979315831
"663","SAC",2015,"Nov",33,2243,14.7124386981721
"664","SVSP",2015,"Nov",40,3735,10.7095046854083
"665","CCI",2015,"Dec",9,3671,2.45164805230183
"666","COR",2015,"Dec",23,4264,5.39399624765478
"667","HDSP",2015,"Dec",22,3567,6.16764788337538
"668","KVSP",2015,"Dec",23,3909,5.88385776413405
"669","LAC",2015,"Dec",45,3545,12.6939351198872
"670","PBSP",2015,"Dec",9,2458,3.66151342554923
"671","SAC",2015,"Dec",48,2232,21.505376344086
"672","SVSP",2015,"Dec",37,3660,10.1092896174863
"673","CCI",2016,"Jan",17,3575,4.75524475524475
"674","COR",2016,"Jan",15,4132,3.63020329138432
"675","HDSP",2016,"Jan",22,3557,6.18498734888951
"676","KVSP",2016,"Jan",29,3944,7.35294117647059
"677","LAC",2016,"Jan",26,3563,7.29722144260455
"678","PBSP",2016,"Jan",3,2288,1.31118881118881
"679","SAC",2016,"Jan",52,2284,22.7670753064799
"680","SVSP",2016,"Jan",39,3671,10.6238082266412
"681","CCI",2016,"Feb",9,3450,2.60869565217391
"682","COR",2016,"Feb",30,4129,7.26568176313878
"683","HDSP",2016,"Feb",22,3600,6.11111111111111
"684","KVSP",2016,"Feb",25,3931,6.35970490969219
"685","LAC",2016,"Feb",28,3521,7.95228628230616
"686","PBSP",2016,"Feb",21,2266,9.26743159752868
"687","SAC",2016,"Feb",48,2316,20.7253886010363
"688","SVSP",2016,"Feb",48,3650,13.1506849315069
"689","CCI",2016,"Mar",14,3277,4.27220018309429
"690","COR",2016,"Mar",33,4093,8.06254580991937
"691","HDSP",2016,"Mar",23,3663,6.27900627900628
"692","KVSP",2016,"Mar",36,3944,9.12778904665314
"693","LAC",2016,"Mar",30,3531,8.49617672047579
"694","PBSP",2016,"Mar",7,2232,3.13620071684588
"695","SAC",2016,"Mar",51,2376,21.4646464646465
"696","SVSP",2016,"Mar",42,3686,11.3944655453066
"697","CCI",2016,"Apr",20,3216,6.21890547263682
"698","COR",2016,"Apr",35,3880,9.02061855670103
"699","HDSP",2016,"Apr",29,3667,7.90837196618489
"700","KVSP",2016,"Apr",31,4023,7.70569226945066
"701","LAC",2016,"Apr",41,3554,11.5362971299944
"702","PBSP",2016,"Apr",13,2164,6.00739371534196
"703","SAC",2016,"Apr",41,2410,17.0124481327801
"704","SVSP",2016,"Apr",38,3604,10.5438401775805
"705","CCI",2016,"May",24,3127,7.67508794371602
"706","COR",2016,"May",33,3778,8.73478030704076
"707","HDSP",2016,"May",24,3685,6.51289009497965
"708","KVSP",2016,"May",34,4032,8.43253968253968
"709","LAC",2016,"May",29,3532,8.21064552661382
"710","PBSP",2016,"May",7,2172,3.22283609576427
"711","SAC",2016,"May",46,2410,19.0871369294606
"712","SVSP",2016,"May",43,3741,11.4942528735632
"713","CCI",2016,"Jun",15,3150,4.76190476190476
"714","COR",2016,"Jun",32,3633,8.80814753647124
"715","HDSP",2016,"Jun",14,3706,3.77765785213168
"716","KVSP",2016,"Jun",42,3950,10.6329113924051
"717","LAC",2016,"Jun",36,3536,10.1809954751131
"718","PBSP",2016,"Jun",20,2300,8.69565217391304
"719","SAC",2016,"Jun",65,2389,27.208036835496
"720","SVSP",2016,"Jun",42,3746,11.2119594233849
"721","CCI",2016,"Jul",28,3326,8.41852074564041
"722","COR",2016,"Jul",26,3414,7.61570005858231
"723","HDSP",2016,"Jul",22,3753,5.86197708499867
"724","KVSP",2016,"Jul",42,3926,10.697911360163
"725","LAC",2016,"Jul",39,3539,11.0200621644532
"726","PBSP",2016,"Jul",11,2348,4.68483816013629
"727","SAC",2016,"Jul",42,2365,17.7589852008457
"728","SVSP",2016,"Jul",49,3792,12.92194092827
"729","CCI",2016,"Aug",21,3458,6.07287449392713
"730","COR",2016,"Aug",41,3268,12.5458996328029
"731","HDSP",2016,"Aug",20,3845,5.20156046814044
"732","KVSP",2016,"Aug",42,3880,10.8247422680412
"733","LAC",2016,"Aug",27,3501,7.7120822622108
"734","PBSP",2016,"Aug",9,2342,3.84286934244236
"735","SAC",2016,"Aug",46,2340,19.6581196581197
"736","SVSP",2016,"Aug",45,3782,11.8984664198837
"737","CCI",2016,"Sep",20,3585,5.57880055788006
"738","COR",2016,"Sep",26,3251,7.99753921870194
"739","HDSP",2016,"Sep",18,3767,4.77833820015928
"740","KVSP",2016,"Sep",41,3932,10.4272634791455
"741","LAC",2016,"Sep",27,3443,7.84199825733372
"742","PBSP",2016,"Sep",9,2258,3.98582816651904
"743","SAC",2016,"Sep",42,2316,18.1347150259067
"744","SVSP",2016,"Sep",53,3771,14.0546274197826
"745","CCI",2016,"Oct",22,3651,6.0257463708573
"746","COR",2016,"Oct",36,3340,10.7784431137725
"747","HDSP",2016,"Oct",16,3727,4.29299704856453
"748","KVSP",2016,"Oct",40,3854,10.3788271925272
"749","LAC",2016,"Oct",34,3291,10.3312063202674
"750","PBSP",2016,"Oct",12,2248,5.33807829181495
"751","SAC",2016,"Oct",33,2315,14.2548596112311
"752","SVSP",2016,"Oct",48,3776,12.7118644067797
"753","CCI",2016,"Nov",20,3683,5.43035568829758
"754","COR",2016,"Nov",24,3348,7.16845878136201
"755","HDSP",2016,"Nov",14,3735,3.7483266398929
"756","KVSP",2016,"Nov",52,3797,13.6950223860943
"757","LAC",2016,"Nov",37,3350,11.044776119403
"758","PBSP",2016,"Nov",11,2197,5.00682749203459
"759","SAC",2016,"Nov",35,2284,15.3239929947461
"760","SVSP",2016,"Nov",45,3667,12.2716116716662
"761","CCI",2016,"Dec",26,3722,6.98549167114455
"762","COR",2016,"Dec",32,3416,9.36768149882904
"763","HDSP",2016,"Dec",16,3719,4.3022317827373
"764","KVSP",2016,"Dec",28,3710,7.54716981132075
"765","LAC",2016,"Dec",28,3392,8.25471698113208
"766","PBSP",2016,"Dec",8,2153,3.71574547143521
"767","SAC",2016,"Dec",56,2258,24.800708591674
"768","SVSP",2016,"Dec",18,3731,4.82444384883409
"769","CCI",2017,"Jan",24,3729,6.43604183427192
"770","COR",2017,"Jan",51,3502,14.5631067961165
"771","HDSP",2017,"Jan",12,3700,3.24324324324324
"772","KVSP",2017,"Jan",28,3757,7.45275485759915
"773","LAC",2017,"Jan",39,3447,11.3141862489121
"774","PBSP",2017,"Jan",10,2116,4.72589792060491
"775","SAC",2017,"Jan",49,2250,21.7777777777778
"776","SVSP",2017,"Jan",51,3438,14.8342059336824
"777","CCI",2017,"Feb",26,3834,6.78142931664058
"778","COR",2017,"Feb",35,3480,10.0574712643678
"779","HDSP",2017,"Feb",22,3701,5.94433936773845
"780","KVSP",2017,"Feb",36,3753,9.59232613908873
"781","LAC",2017,"Feb",44,3428,12.8354725787631
"782","PBSP",2017,"Feb",8,2110,3.7914691943128
"783","SAC",2017,"Feb",34,2212,15.370705244123
"784","SVSP",2017,"Feb",33,3411,9.67458223394899
"785","CCI",2017,"Mar",35,3895,8.98587933247754
"786","COR",2017,"Mar",42,3359,12.5037213456386
"787","HDSP",2017,"Mar",13,3655,3.55677154582763
"788","KVSP",2017,"Mar",37,3700,10
"789","LAC",2017,"Mar",48,3459,13.8768430182134
"790","PBSP",2017,"Mar",9,2071,4.34572670207629
"791","SAC",2017,"Mar",31,2302,13.4665508253692
"792","SVSP",2017,"Mar",34,3515,9.6728307254623
"793","CCI",2017,"Apr",35,3893,8.99049576162343
"794","COR",2017,"Apr",32,3296,9.70873786407767
"795","HDSP",2017,"Apr",13,3700,3.51351351351351
"796","KVSP",2017,"Apr",24,3695,6.49526387009472
"797","LAC",2017,"Apr",54,3331,16.2113479435605
"798","PBSP",2017,"Apr",9,2036,4.42043222003929
"799","SAC",2017,"Apr",38,2319,16.3863734368262
"800","SVSP",2017,"Apr",36,3650,9.86301369863014
"801","CCI",2017,"May",30,3797,7.90097445351593
"802","COR",2017,"May",40,3067,13.042060645582
"803","HDSP",2017,"May",18,3797,4.74058467210956
"804","KVSP",2017,"May",41,3735,10.9772423025435
"805","LAC",2017,"May",48,3349,14.3326366079427
"806","PBSP",2017,"May",11,2029,5.42138984721538
"807","SAC",2017,"May",53,2338,22.6689478186484
"808","SVSP",2017,"May",33,3651,9.03861955628595
"809","CCI",2017,"Jun",38,3828,9.92685475444096
"810","COR",2017,"Jun",39,3111,12.5361620057859
"811","HDSP",2017,"Jun",29,3737,7.76023548300776
"812","KVSP",2017,"Jun",47,3688,12.7440347071584
"813","LAC",2017,"Jun",30,3411,8.79507475813545
"814","PBSP",2017,"Jun",5,2052,2.43664717348928
"815","SAC",2017,"Jun",42,2324,18.0722891566265
"816","SVSP",2017,"Jun",42,3621,11.5990057995029
"817","CCI",2017,"Jul",32,3814,8.39014158363922
"818","COR",2017,"Jul",41,3240,12.6543209876543
"819","HDSP",2017,"Jul",18,3594,5.00834724540901
"820","KVSP",2017,"Jul",49,3653,13.4136326307145
"821","LAC",2017,"Jul",48,3401,14.1134960305792
"822","PBSP",2017,"Jul",3,2071,1.44857556735876
"823","SAC",2017,"Jul",54,2322,23.2558139534884
"824","SVSP",2017,"Jul",35,3565,9.81767180925666
"825","CCI",2017,"Aug",35,3857,9.07441016333938
"826","COR",2017,"Aug",49,3272,14.9755501222494
"827","HDSP",2017,"Aug",22,3566,6.16937745372967
"828","KVSP",2017,"Aug",43,3665,11.7326057298772
"829","LAC",2017,"Aug",36,3454,10.4226983207875
"830","PBSP",2017,"Aug",6,2201,2.72603362108133
"831","SAC",2017,"Aug",53,2220,23.8738738738739
"832","SVSP",2017,"Aug",37,3584,10.3236607142857
"833","CCI",2017,"Sep",27,3868,6.98035160289555
"834","COR",2017,"Sep",35,3196,10.9511889862328
"835","HDSP",2017,"Sep",20,3594,5.56483027267668
"836","KVSP",2017,"Sep",54,3706,14.5709660010793
"837","LAC",2017,"Sep",42,3489,12.0378331900258
"838","PBSP",2017,"Sep",10,2309,4.3308791684712
"839","SAC",2017,"Sep",39,2189,17.8163544997716
"840","SVSP",2017,"Sep",35,3592,9.74387527839644
"841","CCI",2017,"Oct",26,3806,6.83131897004729
"842","COR",2017,"Oct",42,3143,13.3630289532294
"843","HDSP",2017,"Oct",31,3498,8.86220697541452
"844","KVSP",2017,"Oct",27,3719,7.26001613336918
"845","LAC",2017,"Oct",44,3461,12.7130887026871
"846","PBSP",2017,"Oct",19,2447,7.76460972619534
"847","SAC",2017,"Oct",33,2172,15.1933701657459
"848","SVSP",2017,"Oct",36,3542,10.1637492941841
"849","CCI",2017,"Nov",24,3843,6.24512099921936
"850","COR",2017,"Nov",29,3062,9.47093403004572
"851","HDSP",2017,"Nov",32,3457,9.25658085044837
"852","KVSP",2017,"Nov",36,3744,9.61538461538462
"853","LAC",2017,"Nov",39,3413,11.4268971579256
"854","PBSP",2017,"Nov",8,2523,3.17082837891399
"855","SAC",2017,"Nov",50,2115,23.6406619385343
"856","SVSP",2017,"Nov",44,3601,12.2188281033046
"857","CCI",2017,"Dec",35,3843,9.10746812386157
"858","COR",2017,"Dec",41,3066,13.3724722765819
"859","HDSP",2017,"Dec",26,3454,7.52750434279097
"860","KVSP",2017,"Dec",47,3745,12.5500667556742
"861","LAC",2017,"Dec",35,3422,10.2279368790181
"862","PBSP",2017,"Dec",10,2510,3.98406374501992
"863","SAC",2017,"Dec",30,2087,14.3747005270724
"864","SVSP",2017,"Dec",32,3599,8.89135871075299
"865","CCI",2018,"Jan",33,3404,9.69447708578143
"866","COR",2018,"Jan",47,3094,15.1906916612799
"867","HDSP",2018,"Jan",24,3424,7.00934579439252
"868","KVSP",2018,"Jan",49,3618,13.5433941404091
"869","LAC",2018,"Jan",44,3376,13.0331753554502
"870","PBSP",2018,"Jan",11,2622,4.1952707856598
"871","SAC",2018,"Jan",36,2147,16.7675826734979
"872","SVSP",2018,"Jan",33,3578,9.2230296254891
"873","CCI",2018,"Feb",33,3370,9.79228486646884
"874","COR",2018,"Feb",46,3133,14.682413022662
"875","HDSP",2018,"Feb",22,3482,6.31820792647903
"876","KVSP",2018,"Feb",41,3463,11.8394455674271
"877","LAC",2018,"Feb",45,3306,13.6116152450091
"878","PBSP",2018,"Feb",14,2664,5.25525525525526
"879","SAC",2018,"Feb",40,2188,18.2815356489945
"880","SVSP",2018,"Feb",47,3527,13.3257726112844
"881","CCI",2018,"Mar",28,3308,8.46432889963724
"882","COR",2018,"Mar",54,3172,17.0239596469105
"883","HDSP",2018,"Mar",23,3486,6.5978198508319
"884","KVSP",2018,"Mar",51,3433,14.8558112438101
"885","LAC",2018,"Mar",41,3264,12.5612745098039
"886","PBSP",2018,"Mar",12,2691,4.45930880713489
"887","SAC",2018,"Mar",47,2196,21.4025500910747
"888","SVSP",2018,"Mar",59,3480,16.9540229885057
"889","CCI",2018,"Apr",13,3248,4.00246305418719
"890","COR",2018,"Apr",44,3200,13.75
"891","HDSP",2018,"Apr",23,3473,6.62251655629139
"892","KVSP",2018,"Apr",40,3409,11.7336462305661
"893","LAC",2018,"Apr",41,3233,12.6817197649242
"894","PBSP",2018,"Apr",12,2685,4.46927374301676
"895","SAC",2018,"Apr",52,2172,23.9410681399632
"896","SVSP",2018,"Apr",54,3386,15.9480212640284
"897","CCI",2018,"May",31,3264,9.49754901960784
"898","COR",2018,"May",50,3181,15.7183275699466
"899","HDSP",2018,"May",29,3439,8.43268391974411
"900","KVSP",2018,"May",49,3467,14.1332564176521
"901","LAC",2018,"May",56,3229,17.3428305977083
"902","PBSP",2018,"May",13,2671,4.86709097716211
"903","SAC",2018,"May",61,2207,27.6393294064341
"904","SVSP",2018,"May",44,3302,13.3252574197456
"905","CCI",2018,"Jun",28,3344,8.37320574162679
"906","COR",2018,"Jun",46,3228,14.2503097893432
"907","HDSP",2018,"Jun",28,3427,8.17041143857601
"908","KVSP",2018,"Jun",79,3546,22.2786238014664
"909","LAC",2018,"Jun",41,3148,13.0241423125794
"910","PBSP",2018,"Jun",11,2647,4.15564790328674
"911","SAC",2018,"Jun",48,2182,21.9981668194317
"912","SVSP",2018,"Jun",38,3224,11.7866004962779
"913","CCI",2018,"Jul",31,3355,9.23994038748137
"914","COR",2018,"Jul",62,3261,19.0125728304201
"915","HDSP",2018,"Jul",27,3468,7.78546712802768
"916","KVSP",2018,"Jul",78,3577,21.8059826670394
"917","LAC",2018,"Jul",51,3199,15.942482025633
"918","PBSP",2018,"Jul",9,2632,3.41945288753799
"919","SAC",2018,"Jul",22,2181,10.087116001834
"920","SVSP",2018,"Jul",44,3202,13.7414116177389
"921","CCI",2018,"Aug",43,3427,12.5474175663846
"922","COR",2018,"Aug",50,3201,15.6201187129022
"923","HDSP",2018,"Aug",28,3405,8.22320117474302
"924","KVSP",2018,"Aug",71,3679,19.2987224789345
"925","LAC",2018,"Aug",54,3196,16.8961201501877
"926","PBSP",2018,"Aug",13,2618,4.96562261268144
"927","SAC",2018,"Aug",52,2165,24.0184757505774
"928","SVSP",2018,"Aug",48,3284,14.6163215590743
"929","CCI",2018,"Sep",33,3620,9.11602209944751
"930","COR",2018,"Sep",42,3228,13.0111524163569
"931","HDSP",2018,"Sep",33,3354,9.83899821109124
"932","KVSP",2018,"Sep",63,3683,17.1056204181374
"933","LAC",2018,"Sep",56,3198,17.5109443402126
"934","PBSP",2018,"Sep",22,2582,8.52052672347018
"935","SAC",2018,"Sep",43,2102,20.4567078972407
"936","SVSP",2018,"Sep",62,3349,18.5129889519259
"937","CCI",2018,"Oct",61,3817,15.981137018601
"938","COR",2018,"Oct",49,3256,15.04914004914
"939","HDSP",2018,"Oct",33,3311,9.96677740863787
"940","KVSP",2018,"Oct",67,3710,18.0592991913747
"941","LAC",2018,"Oct",47,3207,14.6554412223262
"942","PBSP",2018,"Oct",17,2557,6.64841611263199
"943","SAC",2018,"Oct",52,2072,25.0965250965251
"944","SVSP",2018,"Oct",55,3363,16.354445435623
"945","CCI",2018,"Nov",40,4020,9.9502487562189
"946","COR",2018,"Nov",41,3357,12.2132856717307
"947","HDSP",2018,"Nov",28,3335,8.39580209895052
"948","KVSP",2018,"Nov",57,3733,15.269220466113
"949","LAC",2018,"Nov",48,3185,15.0706436420722
"950","PBSP",2018,"Nov",18,2574,6.99300699300699
"951","SAC",2018,"Nov",47,2080,22.5961538461538
"952","SVSP",2018,"Nov",43,3432,12.5291375291375
"953","CCI",2018,"Dec",47,4096,11.474609375
"954","COR",2018,"Dec",55,3264,16.8504901960784
"955","HDSP",2018,"Dec",43,3340,12.874251497006
"956","KVSP",2018,"Dec",50,3757,13.3084908171413
"957","LAC",2018,"Dec",31,3183,9.7392397109645
"958","PBSP",2018,"Dec",12,2560,4.6875
"959","SAC",2018,"Dec",40,2091,19.1296030607365
"960","SVSP",2018,"Dec",55,3403,16.1622098148692
"961","CCI",2019,"Jan",44,4081,10.7816711590297
"962","COR",2019,"Jan",57,3324,17.1480144404332
"963","HDSP",2019,"Jan",28,3251,8.61273454321747
"964","KVSP",2019,"Jan",53,3738,14.1787051899411
"965","LAC",2019,"Jan",51,3164,16.1188369152971
"966","PBSP",2019,"Jan",14,2583,5.42005420054201
"967","SAC",2019,"Jan",55,2132,25.797373358349
"968","SVSP",2019,"Jan",51,3395,15.0220913107511
"969","CCI",2019,"Feb",33,4027,8.19468587037497
"970","COR",2019,"Feb",59,3383,17.4401418859001
"971","HDSP",2019,"Feb",23,3193,7.20325712496085
"972","KVSP",2019,"Feb",59,3727,15.8304266165817
"973","LAC",2019,"Feb",33,3144,10.4961832061069
"974","PBSP",2019,"Feb",15,2564,5.85023400936037
"975","SAC",2019,"Feb",38,2076,18.3044315992293
"976","SVSP",2019,"Feb",52,3476,14.9597238204833
"977","CCI",2019,"Mar",38,3958,9.60080848913593
"978","COR",2019,"Mar",61,3389,17.9994098554146
"979","HDSP",2019,"Mar",24,3236,7.41656365883807
"980","KVSP",2019,"Mar",58,3753,15.4543032240874
"981","LAC",2019,"Mar",46,3165,14.5339652448657
"982","PBSP",2019,"Mar",14,2561,5.46661460367044
"983","SAC",2019,"Mar",46,2086,22.0517737296261
"984","SVSP",2019,"Mar",53,3454,15.3445280833816
"985","CCI",2019,"Apr",40,3923,10.1962783583992
"986","COR",2019,"Apr",60,3279,18.2982616651418
"987","HDSP",2019,"Apr",38,3199,11.8787120975305
"988","KVSP",2019,"Apr",57,3710,15.3638814016173
"989","LAC",2019,"Apr",54,3230,16.71826625387
"990","PBSP",2019,"Apr",9,2594,3.46954510408635
"991","SAC",2019,"Apr",59,2132,27.6735459662289
"992","SVSP",2019,"Apr",52,3387,15.3528196043696
"993","CCI",2019,"May",57,3888,14.6604938271605
"994","COR",2019,"May",54,3228,16.728624535316
"995","HDSP",2019,"May",29,3144,9.22391857506361
"996","KVSP",2019,"May",58,3677,15.773728583084
"997","LAC",2019,"May",62,3231,19.1891055400805
"998","PBSP",2019,"May",14,2604,5.37634408602151
"999","SAC",2019,"May",51,2131,23.9324260910371
"1000","SVSP",2019,"May",50,3242,15.4225786551511
"1001","CCI",2019,"Jun",47,3767,12.4767719670826
"1002","COR",2019,"Jun",62,3223,19.2367359602855
"1003","HDSP",2019,"Jun",23,3141,7.32250875517351
"1004","KVSP",2019,"Jun",69,3631,19.003029468466
"1005","LAC",2019,"Jun",41,3239,12.6582278481013
"1006","PBSP",2019,"Jun",7,2668,2.62368815592204
"1007","SAC",2019,"Jun",63,2136,29.4943820224719
"1008","SVSP",2019,"Jun",59,3203,18.4202310334062
"1009","CCI",2019,"Jul",26,3701,7.02512834369089
"1010","COR",2019,"Jul",52,3205,16.2246489859594
"1011","HDSP",2019,"Jul",26,3148,8.25921219822109
"1012","KVSP",2019,"Jul",52,3609,14.4084233859795
"1013","LAC",2019,"Jul",63,3217,19.5834628535903
"1014","PBSP",2019,"Jul",15,2629,5.70559147965006
"1015","SAC",2019,"Jul",69,2152,32.0631970260223
"1016","SVSP",2019,"Jul",54,3191,16.922594797869
"1017","CCI",2019,"Aug",35,3732,9.37834941050375
"1018","COR",2019,"Aug",48,3237,14.8285449490269
"1019","HDSP",2019,"Aug",37,3338,11.0844817255842
"1020","KVSP",2019,"Aug",64,3621,17.6746755040044
"1021","LAC",2019,"Aug",44,3197,13.7629027213012
"1022","PBSP",2019,"Aug",17,2621,6.48607401755055
"1023","SAC",2019,"Aug",62,2158,28.7303058387396
"1024","SVSP",2019,"Aug",43,3101,13.8664946791358
"1025","CCI",2019,"Sep",46,3802,12.0988953182536
"1026","COR",2019,"Sep",50,3270,15.2905198776758
"1027","HDSP",2019,"Sep",36,3211,11.2114606041732
"1028","KVSP",2019,"Sep",44,3584,12.2767857142857
"1029","LAC",2019,"Sep",47,3157,14.8875514729173
"1030","PBSP",2019,"Sep",10,2622,3.813882532418
"1031","SAC",2019,"Sep",62,2156,28.7569573283859
"1032","SVSP",2019,"Sep",57,3060,18.6274509803922
"1033","CCI",2019,"Oct",27,3774,7.15421303656598
"1034","COR",2019,"Oct",41,3273,12.5267338832875
"1035","HDSP",2019,"Oct",34,3219,10.5622864243554
"1036","KVSP",2019,"Oct",57,3607,15.8026060438037
"1037","LAC",2019,"Oct",48,3165,15.1658767772512
"1038","PBSP",2019,"Oct",10,2649,3.77500943752359
"1039","SAC",2019,"Oct",72,2184,32.967032967033
"1040","SVSP",2019,"Oct",30,2982,10.0603621730382
"1041","CCI",2019,"Nov",28,3743,7.48063051028587
"1042","COR",2019,"Nov",42,3197,13.1373162339693
"1043","HDSP",2019,"Nov",29,3182,9.11376492771842
"1044","KVSP",2019,"Nov",57,3649,15.6207180049329
"1045","LAC",2019,"Nov",46,3180,14.4654088050314
"1046","PBSP",2019,"Nov",14,2607,5.37015726889145
"1047","SAC",2019,"Nov",59,2242,26.3157894736842
"1048","SVSP",2019,"Nov",47,3011,15.6094320823647
"1049","CCI",2019,"Dec",31,3719,8.33557407905351
"1050","COR",2019,"Dec",24,3186,7.53295668549906
"1051","HDSP",2019,"Dec",30,3122,9.60922485586163
"1052","KVSP",2019,"Dec",54,3625,14.8965517241379
"1053","LAC",2019,"Dec",33,3230,10.2167182662539
"1054","PBSP",2019,"Dec",2,2605,0.767754318618042
"1055","SAC",2019,"Dec",6,2306,2.601908065915
"1056","SVSP",2019,"Dec",49,2986,16.4099129269926
"1057","CCI",2020,"Jan",41,3715,11.0363391655451
"1058","COR",2020,"Jan",26,3091,8.41151730831446
"1059","HDSP",2020,"Jan",27,3177,8.4985835694051
"1060","KVSP",2020,"Jan",37,3587,10.3150264845275
"1061","LAC",2020,"Jan",43,3253,13.2185674761758
"1062","PBSP",2020,"Jan",24,2657,9.03274369589763
"1063","SAC",2020,"Jan",57,2387,23.8793464599916
"1064","SVSP",2020,"Jan",52,2968,17.5202156334232
"1065","CCI",2020,"Feb",35,3679,9.51345474313672
"1066","COR",2020,"Feb",24,2965,8.09443507588533
"1067","HDSP",2020,"Feb",41,3270,12.5382262996942
"1068","KVSP",2020,"Feb",57,3551,16.0518163897494
"1069","LAC",2020,"Feb",38,3244,11.7139334155364
"1070","PBSP",2020,"Feb",27,2636,10.2427921092565
"1071","SAC",2020,"Feb",62,2465,25.1521298174442
"1072","SVSP",2020,"Feb",66,3000,22
"1073","CCI",2020,"Mar",40,3684,10.85776330076
"1074","COR",2020,"Mar",23,2859,8.04477089891571
"1075","HDSP",2020,"Mar",39,3364,11.5933412604043
"1076","KVSP",2020,"Mar",46,3643,12.6269558056547
"1077","LAC",2020,"Mar",41,3260,12.5766871165644
"1078","PBSP",2020,"Mar",13,2684,4.84351713859911
"1079","SAC",2020,"Mar",68,2445,27.8118609406953
"1080","SVSP",2020,"Mar",55,2972,18.5060565275909
"1081","CCI",2020,"Apr",35,3537,9.89539157478089
"1082","COR",2020,"Apr",21,3759,5.58659217877095
"1083","HDSP",2020,"Apr",29,3297,8.79587503791325
"1084","KVSP",2020,"Apr",66,3580,18.4357541899441
"1085","LAC",2020,"Apr",25,3208,7.7930174563591
"1086","PBSP",2020,"Apr",12,2614,4.59066564651875
"1087","SAC",2020,"Apr",47,2390,19.6652719665272
"1088","SVSP",2020,"Apr",45,2916,15.4320987654321
"1089","CCI",2020,"May",38,3679,10.3288937211199
"1090","COR",2020,"May",26,3780,6.87830687830688
"1091","HDSP",2020,"May",33,3465,9.52380952380953
"1092","KVSP",2020,"May",31,3692,8.39653304442037
"1093","LAC",2020,"May",35,3192,10.9649122807018
"1094","PBSP",2020,"May",11,2587,4.25202937765752
"1095","SAC",2020,"May",77,2373,32.4483775811209
"1096","SVSP",2020,"May",45,2945,15.2801358234295
"1097","CCI",2020,"Jun",53,3736,14.186295503212
"1098","COR",2020,"Jun",23,3618,6.35710337202875
"1099","HDSP",2020,"Jun",33,3589,9.19476177208136
"1100","KVSP",2020,"Jun",40,3748,10.6723585912487
"1101","LAC",2020,"Jun",22,3149,6.98634487138774
"1102","PBSP",2020,"Jun",8,2535,3.15581854043392
"1103","SAC",2020,"Jun",54,2394,22.5563909774436
"1104","SVSP",2020,"Jun",51,2938,17.358747447243
"1105","CCI",2020,"Jul",27,3472,7.77649769585253
"1106","COR",2020,"Jul",15,3497,4.28939090649128
"1107","HDSP",2020,"Jul",28,3480,8.04597701149425
"1108","KVSP",2020,"Jul",35,3631,9.63921784632333
"1109","LAC",2020,"Jul",23,3114,7.38599871547848
"1110","PBSP",2020,"Jul",11,2444,4.50081833060556
"1111","SAC",2020,"Jul",60,2354,25.4885301614274
"1112","SVSP",2020,"Jul",34,2863,11.8756549074397
"1113","CCI",2020,"Aug",25,3346,7.47160789001793
"1114","COR",2020,"Aug",14,3363,4.16294974724948
"1115","HDSP",2020,"Aug",24,3375,7.11111111111111
"1116","KVSP",2020,"Aug",26,3577,7.26866088901314
"1117","LAC",2020,"Aug",19,3067,6.19497880665145
"1118","PBSP",2020,"Aug",10,2394,4.17710944026734
"1119","SAC",2020,"Aug",57,2292,24.869109947644
"1120","SVSP",2020,"Aug",40,2801,14.2806140664049
"1121","CCI",2020,"Sep",22,3137,7.01306981192222
"1122","COR",2020,"Sep",15,3285,4.5662100456621
"1123","HDSP",2020,"Sep",27,3379,7.99052974252737
"1124","KVSP",2020,"Sep",25,3582,6.97934115019542
"1125","LAC",2020,"Sep",28,3023,9.26232219649355
"1126","PBSP",2020,"Sep",7,2333,3.00042863266181
"1127","SAC",2020,"Sep",49,2283,21.4629872974157
"1128","SVSP",2020,"Sep",33,2804,11.7689015691869
"1129","CCI",2020,"Oct",27,3034,8.89914304548451
"1130","COR",2020,"Oct",15,3013,4.97842681712579
"1131","HDSP",2020,"Oct",33,3367,9.8010098010098
"1132","KVSP",2020,"Oct",33,3691,8.94066648604714
"1133","LAC",2020,"Oct",21,2870,7.31707317073171
"1134","PBSP",2020,"Oct",6,2307,2.60078023407022
"1135","SAC",2020,"Oct",60,2290,26.2008733624454
"1136","SVSP",2020,"Oct",38,2844,13.3614627285513
"1137","CCI",2020,"Nov",28,3017,9.28074245939675
"1138","COR",2020,"Nov",10,3025,3.30578512396694
"1139","HDSP",2020,"Nov",12,3366,3.5650623885918
"1140","KVSP",2020,"Nov",22,3711,5.92832120722177
"1141","LAC",2020,"Nov",29,2807,10.3313145707161
"1142","PBSP",2020,"Nov",9,2261,3.98053958425475
"1143","SAC",2020,"Nov",44,2291,19.2055870798778
"1144","SVSP",2020,"Nov",40,2865,13.9616055846422
"1145","CCI",2020,"Dec",20,2948,6.7842605156038
"1146","COR",2020,"Dec",10,2972,3.36473755047106
"1147","HDSP",2020,"Dec",11,3337,3.29637398861253
"1148","KVSP",2020,"Dec",19,3687,5.15324111743965
"1149","LAC",2020,"Dec",18,2778,6.47948164146868
"1150","PBSP",2020,"Dec",5,2228,2.24416517055655
"1151","SAC",2020,"Dec",48,2272,21.1267605633803
"1152","SVSP",2020,"Dec",30,2851,10.5226236408278
"1153","CCI",2021,"Jan",18,2960,6.08108108108108
"1154","COR",2021,"Jan",9,2973,3.02724520686176
"1155","HDSP",2021,"Jan",21,3326,6.31389055923031
"1156","KVSP",2021,"Jan",45,3696,12.1753246753247
"1157","LAC",2021,"Jan",20,2747,7.28066982162359
"1158","PBSP",2021,"Jan",9,2210,4.07239819004525
"1159","SAC",2021,"Jan",37,2277,16.2494510320597
"1160","SVSP",2021,"Jan",35,2935,11.9250425894378
"1161","CCI",2021,"Feb",21,2941,7.14042842570554
"1162","COR",2021,"Feb",17,3010,5.64784053156146
"1163","HDSP",2021,"Feb",22,3319,6.62850256101235
"1164","KVSP",2021,"Feb",39,3691,10.566242210783
"1165","LAC",2021,"Feb",20,2725,7.3394495412844
"1166","PBSP",2021,"Feb",10,2201,4.54338936846888
"1167","SAC",2021,"Feb",46,2274,20.2286719437115
"1168","SVSP",2021,"Feb",61,3023,20.1786304995038
"1169","CCI",2021,"Mar",24,2925,8.2051282051282
"1170","COR",2021,"Mar",16,3056,5.23560209424084
"1171","HDSP",2021,"Mar",28,3325,8.42105263157895
"1172","KVSP",2021,"Mar",43,3700,11.6216216216216
"1173","LAC",2021,"Mar",23,2730,8.42490842490843
"1174","PBSP",2021,"Mar",14,2172,6.44567219152855
"1175","SAC",2021,"Mar",45,2267,19.8500220555801
"1176","SVSP",2021,"Mar",66,3090,21.3592233009709
"1177","CCI",2021,"Apr",20,2984,6.70241286863271
"1178","COR",2021,"Apr",22,3118,7.05580500320718
"1179","HDSP",2021,"Apr",34,3340,10.1796407185629
"1180","KVSP",2021,"Apr",31,3649,8.4954782132091
"1181","LAC",2021,"Apr",24,2791,8.59906843425296
"1182","PBSP",2021,"Apr",3,2149,1.39599813866915
"1183","SAC",2021,"Apr",43,2240,19.1964285714286
"1184","SVSP",2021,"Apr",64,3091,20.7052733743125
"1185","CCI",2021,"May",27,2979,9.06344410876133
"1186","COR",2021,"May",27,3171,8.51466414380322
"1187","HDSP",2021,"May",38,3298,11.5221346270467
"1188","KVSP",2021,"May",27,3571,7.56090730887706
"1189","LAC",2021,"May",30,2819,10.6420716566158
"1190","PBSP",2021,"May",17,2105,8.07600950118765
"1191","SAC",2021,"May",58,2221,26.1143628995948
"1192","SVSP",2021,"May",63,3065,20.5546492659054
"1193","CCI",2021,"Jun",22,3013,7.30169266511782
"1194","COR",2021,"Jun",19,3288,5.77858880778589
"1195","HDSP",2021,"Jun",32,3319,9.64145827056342
"1196","KVSP",2021,"Jun",32,3531,9.06258850184084
"1197","LAC",2021,"Jun",19,2806,6.7712045616536
"1198","PBSP",2021,"Jun",7,2129,3.28792860497886
"1199","SAC",2021,"Jun",43,2166,19.8522622345337
"1200","SVSP",2021,"Jun",61,3047,20.0196914998359
"1201","CCI",2021,"Jul",22,2869,7.66817706517951
"1202","COR",2021,"Jul",16,3270,4.89296636085627
"1203","HDSP",2021,"Jul",19,3255,5.83717357910906
"1204","KVSP",2021,"Jul",33,3497,9.43665999428081
"1205","LAC",2021,"Jul",45,2771,16.2396246842295
"1206","PBSP",2021,"Jul",16,2147,7.45225896599907
"1207","SAC",2021,"Jul",42,2118,19.8300283286119
"1208","SVSP",2021,"Jul",65,3044,21.353482260184
"1209","CCI",2021,"Aug",26,2817,9.22967696130635
"1210","COR",2021,"Aug",18,3418,5.26623756582797
"1211","HDSP",2021,"Aug",21,3261,6.43974241030359
"1212","KVSP",2021,"Aug",32,3517,9.09866363377879
"1213","LAC",2021,"Aug",28,2782,10.0647016534867
"1214","PBSP",2021,"Aug",4,2136,1.87265917602996
"1215","SAC",2021,"Aug",39,2113,18.4571699006152
"1216","SVSP",2021,"Aug",63,3042,20.7100591715976
"1217","CCI",2021,"Sep",23,2719,8.45899227657227
"1218","COR",2021,"Sep",32,3464,9.2378752886836
"1219","HDSP",2021,"Sep",23,3246,7.0856438693777
"1220","KVSP",2021,"Sep",23,3493,6.5845977669625
"1221","LAC",2021,"Sep",40,2821,14.1793690180787
"1222","PBSP",2021,"Sep",8,2101,3.80771061399334
"1223","SAC",2021,"Sep",38,2059,18.4555609519184
"1224","SVSP",2021,"Sep",44,3032,14.5118733509235
"1225","CCI",2021,"Oct",15,2678,5.60119492158327
"1226","COR",2021,"Oct",22,3521,6.2482249360977
"1227","HDSP",2021,"Oct",31,3229,9.60049550944565
"1228","KVSP",2021,"Oct",16,3480,4.59770114942529
"1229","LAC",2021,"Oct",46,2816,16.3352272727273
"1230","PBSP",2021,"Oct",13,2061,6.30761766132945
"1231","SAC",2021,"Oct",51,2044,24.9510763209393
"1232","SVSP",2021,"Oct",78,3000,26
"1233","CCI",2021,"Nov",24,2703,8.87902330743618
"1234","COR",2021,"Nov",17,3657,4.64861908668307
"1235","HDSP",2021,"Nov",34,2984,11.3941018766756
"1236","KVSP",2021,"Nov",24,3449,6.95853870687156
"1237","LAC",2021,"Nov",41,2773,14.7854309412189
"1238","PBSP",2021,"Nov",12,2041,5.87947084762371
"1239","SAC",2021,"Nov",64,2028,31.5581854043393
"1240","SVSP",2021,"Nov",49,3041,16.1131206839855
"1241","CCI",2021,"Dec",39,3100,12.5806451612903
"1242","COR",2021,"Dec",37,3651,10.1342098055327
"1243","HDSP",2021,"Dec",16,2349,6.81140911025969
"1244","KVSP",2021,"Dec",26,3426,7.58902510215995
"1245","LAC",2021,"Dec",44,2819,15.6083717630365
"1246","PBSP",2021,"Dec",11,2005,5.48628428927681
"1247","SAC",2021,"Dec",44,1943,22.6453937210499
"1248","SVSP",2021,"Dec",57,3062,18.6152841280209
"1249","CCI",2022,"Jan",46,3071,14.9788342559427
"1250","COR",2022,"Jan",30,3532,8.49377123442808
"1251","HDSP",2022,"Jan",7,2269,3.08505949757603
"1252","KVSP",2022,"Jan",22,3376,6.51658767772512
"1253","LAC",2022,"Jan",32,2805,11.4081996434938
"1254","PBSP",2022,"Jan",8,1951,4.10046130189646
"1255","SAC",2022,"Jan",42,1860,22.5806451612903
"1256","SVSP",2022,"Jan",38,3032,12.532981530343
"1257","CCI",2022,"Feb",26,3157,8.23566677225214
"1258","COR",2022,"Feb",20,3484,5.74052812858783
"1259","HDSP",2022,"Feb",10,2259,4.42673749446658
"1260","KVSP",2022,"Feb",27,3404,7.93184488836663
"1261","LAC",2022,"Feb",57,2794,20.4008589835361
"1262","PBSP",2022,"Feb",4,1935,2.0671834625323
"1263","SAC",2022,"Feb",23,1827,12.5889436234264
"1264","SVSP",2022,"Feb",54,3022,17.8689609530112
"1265","CCI",2022,"Mar",39,3152,12.3730964467005
"1266","COR",2022,"Mar",26,3467,7.4992789154889
"1267","HDSP",2022,"Mar",31,2285,13.5667396061269
"1268","KVSP",2022,"Mar",24,3323,7.2223894071622
"1269","LAC",2022,"Mar",41,2799,14.6480886030725
"1270","PBSP",2022,"Mar",14,1872,7.47863247863248
"1271","SAC",2022,"Mar",38,1778,21.3723284589426
"1272","SVSP",2022,"Mar",48,2923,16.4214847759152
"1273","CCI",2022,"Apr",52,3150,16.5079365079365
"1274","COR",2022,"Apr",37,3457,10.7029216083309
"1275","HDSP",2022,"Apr",22,2401,9.16284881299459
"1276","KVSP",2022,"Apr",36,3259,11.0463332310525
"1277","LAC",2022,"Apr",51,2697,18.9098998887653
"1278","PBSP",2022,"Apr",12,1839,6.5252854812398
"1279","SAC",2022,"Apr",41,1948,21.047227926078
"1280","SVSP",2022,"Apr",49,2920,16.7808219178082
"1281","CCI",2022,"May",39,3069,12.7077223851417
"1282","COR",2022,"May",42,3481,12.0654984199943
"1283","HDSP",2022,"May",23,2204,10.4355716878403
"1284","KVSP",2022,"May",36,3147,11.4394661582459
"1285","LAC",2022,"May",43,2656,16.1897590361446
"1286","PBSP",2022,"May",3,1747,1.71722953634803
"1287","SAC",2022,"May",57,2010,28.3582089552239
"1288","SVSP",2022,"May",68,2928,23.224043715847
"1289","CCI",2022,"Jun",28,3051,9.17731891183219
"1290","COR",2022,"Jun",62,3466,17.8880553952683
"1291","HDSP",2022,"Jun",18,1968,9.14634146341463
"1292","KVSP",2022,"Jun",38,3045,12.4794745484401
"1293","LAC",2022,"Jun",66,2378,27.7544154751892
"1294","PBSP",2022,"Jun",11,1696,6.48584905660377
"1295","SAC",2022,"Jun",56,2108,26.5654648956357
"1296","SVSP",2022,"Jun",42,2974,14.1223940820444
"1297","CCI",2022,"Jul",32,2998,10.6737825216811
"1298","COR",2022,"Jul",35,3476,10.0690448791715
"1299","HDSP",2022,"Jul",10,1859,5.37923614846692
"1300","KVSP",2022,"Jul",31,2965,10.4553119730185
"1301","LAC",2022,"Jul",64,2371,26.9928300295234
"1302","PBSP",2022,"Jul",9,1684,5.34441805225653
"1303","SAC",2022,"Jul",53,2077,25.5175734232065
"1304","SVSP",2022,"Jul",54,3003,17.982017982018
"1305","CCI",2022,"Aug",38,2960,12.8378378378378
"1306","COR",2022,"Aug",39,3433,11.3603262452665
"1307","HDSP",2022,"Aug",22,1819,12.0945574491479
"1308","KVSP",2022,"Aug",37,2878,12.8561501042391
"1309","LAC",2022,"Aug",59,2400,24.5833333333333
"1310","PBSP",2022,"Aug",8,1692,4.72813238770686
"1311","SAC",2022,"Aug",71,2083,34.0854536725876
"1312","SVSP",2022,"Aug",71,3036,23.3860342555995
"1313","CCI",2022,"Sep",38,2957,12.8508623605005
"1314","COR",2022,"Sep",33,3416,9.66042154566745
"1315","HDSP",2022,"Sep",17,1770,9.6045197740113
"1316","KVSP",2022,"Sep",33,2680,12.3134328358209
"1317","LAC",2022,"Sep",50,2413,20.7210940737671
"1318","PBSP",2022,"Sep",11,1757,6.26067159931702
"1319","SAC",2022,"Sep",66,1996,33.0661322645291
"1320","SVSP",2022,"Sep",49,3026,16.1929940515532
"1321","CCI",2022,"Oct",41,2890,14.1868512110727
"1322","COR",2022,"Oct",45,3323,13.5419801384291
"1323","HDSP",2022,"Oct",9,2382,3.77833753148615
"1324","KVSP",2022,"Oct",22,2611,8.42589046342398
"1325","LAC",2022,"Oct",52,2445,21.2678936605317
"1326","PBSP",2022,"Oct",18,1783,10.0953449242849
"1327","SAC",2022,"Oct",40,1971,20.2942668696093
"1328","SVSP",2022,"Oct",53,3028,17.5033025099075
"1329","CCI",2022,"Nov",38,2806,13.5424091233072
"1330","COR",2022,"Nov",44,3267,13.4680134680135
"1331","HDSP",2022,"Nov",9,2331,3.86100386100386
"1332","KVSP",2022,"Nov",18,2533,7.10619818397157
"1333","LAC",2022,"Nov",65,2479,26.2202501008471
"1334","PBSP",2022,"Nov",18,1817,9.90643918547056
"1335","SAC",2022,"Nov",54,1935,27.906976744186
"1336","SVSP",2022,"Nov",70,3047,22.9734164752215
"1337","CCI",2022,"Dec",29,2725,10.6422018348624
"1338","COR",2022,"Dec",62,3387,18.3052849129023
"1339","HDSP",2022,"Dec",8,2407,3.32363938512671
"1340","KVSP",2022,"Dec",26,2485,10.4627766599598
"1341","LAC",2022,"Dec",51,2523,20.2140309155767
"1342","PBSP",2022,"Dec",21,1770,11.864406779661
"1343","SAC",2022,"Dec",44,1782,24.6913580246914
"1344","SVSP",2022,"Dec",42,3046,13.7885751805647
"1345","CCI",2023,"Jan",34,2651,12.825348924934
"1346","COR",2023,"Jan",73,3497,20.8750357449242
"1347","HDSP",2023,"Jan",10,2123,4.71031559114461
"1348","KVSP",2023,"Jan",17,2496,6.81089743589744
"1349","LAC",2023,"Jan",59,2554,23.1010180109632
"1350","PBSP",2023,"Jan",20,1740,11.4942528735632
"1351","SAC",2023,"Jan",50,1640,30.4878048780488
"1352","SVSP",2023,"Jan",48,3012,15.9362549800797
"1353","CCI",2023,"Feb",44,2572,17.1073094867807
"1354","COR",2023,"Feb",51,3484,14.638346727899
"1355","HDSP",2023,"Feb",9,2020,4.45544554455445
"1356","KVSP",2023,"Feb",20,2481,8.06126561870214
"1357","LAC",2023,"Feb",74,2570,28.7937743190661
"1358","PBSP",2023,"Feb",12,1713,7.00525394045534
"1359","SAC",2023,"Feb",44,1586,27.7427490542245
"1360","SVSP",2023,"Feb",41,3053,13.429413691451
"1361","CCI",2023,"Mar",19,2383,7.97314309693663
"1362","COR",2023,"Mar",59,3463,17.0372509384926
"1363","HDSP",2023,"Mar",26,2352,11.0544217687075
"1364","KVSP",2023,"Mar",32,2591,12.3504438440756
"1365","LAC",2023,"Mar",65,2637,24.649222601441
"1366","PBSP",2023,"Mar",17,1676,10.1431980906921
"1367","SAC",2023,"Mar",61,1509,40.4241219350563
"1368","SVSP",2023,"Mar",64,2985,21.4405360134003
"1369","CCI",2023,"Apr",23,2188,10.5118829981718
"1370","COR",2023,"Apr",67,3403,19.6885101381134
"1371","HDSP",2023,"Apr",19,2573,7.38437621453556
"1372","KVSP",2023,"Apr",30,2685,11.1731843575419
"1373","LAC",2023,"Apr",68,2636,25.7966616084977
"1374","PBSP",2023,"Apr",17,1632,10.4166666666667
"1375","SAC",2023,"Apr",62,1512,41.005291005291
"1376","SVSP",2023,"Apr",57,2990,19.0635451505017
"1377","CCI",2023,"May",19,1937,9.80898296334538
"1378","COR",2023,"May",43,3337,12.885825591849
"1379","HDSP",2023,"May",12,2562,4.68384074941452
"1380","KVSP",2023,"May",32,2763,11.5816141874774
"1381","LAC",2023,"May",87,2626,33.1302361005331
"1382","PBSP",2023,"May",16,1631,9.80993255671367
"1383","SAC",2023,"May",66,1556,42.4164524421594
"1384","SVSP",2023,"May",61,2994,20.374081496326
"1385","CCI",2023,"Jun",24,1661,14.4491270319085
"1386","COR",2023,"Jun",34,3389,10.0324579521983
"1387","HDSP",2023,"Jun",16,2501,6.39744102359056
"1388","KVSP",2023,"Jun",35,2793,12.531328320802
"1389","LAC",2023,"Jun",91,2660,34.2105263157895
"1390","PBSP",2023,"Jun",9,1627,5.53165334972342
"1391","SAC",2023,"Jun",47,1759,26.7197271176805
"1392","SVSP",2023,"Jun",64,2986,21.4333556597455
"1393","CCI",2023,"Jul",23,1627,14.1364474492932
"1394","CCI",2023,"Aug",37,1657,22.3295111647556
"1395","CCI",2023,"Sep",27,1698,15.9010600706714
"1396","CCI",2023,"Oct",18,1715,10.4956268221574
"1397","CCI",2023,"Nov",28,1718,16.2980209545984
"1398","CCI",2023,"Dec",34,1750,19.4285714285714
"1399","COR",2023,"Jul",51,3448,14.7911832946636
"1400","COR",2023,"Aug",57,3525,16.1702127659574
"1401","COR",2023,"Sep",56,3491,16.0412489258092
"1402","COR",2023,"Oct",49,3505,13.9800285306705
"1403","COR",2023,"Nov",53,3479,15.2342627191722
"1404","COR",2023,"Dec",61,3463,17.614784868611
"1405","HDSP",2023,"Jul",20,2413,8.28843762950684
"1406","HDSP",2023,"Aug",26,2535,10.2564102564103
"1407","HDSP",2023,"Sep",13,2475,5.25252525252525
"1408","HDSP",2023,"Oct",21,2387,8.79765395894428
"1409","HDSP",2023,"Nov",12,2296,5.22648083623693
"1410","HDSP",2023,"Dec",11,2242,4.90633363068689
"1411","KVSP",2023,"Jul",34,2796,12.1602288984263
"1412","KVSP",2023,"Aug",51,2816,18.1107954545455
"1413","KVSP",2023,"Sep",35,2848,12.2893258426966
"1414","KVSP",2023,"Oct",44,2871,15.3256704980843
"1415","KVSP",2023,"Nov",47,2867,16.3934426229508
"1416","KVSP",2023,"Dec",46,2914,15.7858613589568
"1417","LAC",2023,"Jul",78,2631,29.6465222348917
"1418","LAC",2023,"Aug",78,2601,29.9884659746251
"1419","LAC",2023,"Sep",59,2611,22.5967062428188
"1420","LAC",2023,"Oct",82,2679,30.608435983576
"1421","LAC",2023,"Nov",85,2790,30.4659498207885
"1422","LAC",2023,"Dec",65,2808,23.1481481481481
"1423","PBSP",2023,"Jul",16,1581,10.1201771030993
"1424","PBSP",2023,"Aug",12,1530,7.84313725490196
"1425","PBSP",2023,"Sep",17,1544,11.0103626943005
"1426","PBSP",2023,"Oct",15,1576,9.51776649746193
"1427","PBSP",2023,"Nov",15,1534,9.77835723598436
"1428","PBSP",2023,"Dec",31,1524,20.3412073490814
"1429","SAC",2023,"Jul",62,1735,35.7348703170029
"1430","SAC",2023,"Aug",55,1803,30.5047143649473
"1431","SAC",2023,"Sep",41,1863,22.0075147611379
"1432","SAC",2023,"Oct",65,1841,35.3068984247691
"1433","SAC",2023,"Nov",59,1818,32.4532453245325
"1434","SAC",2023,"Dec",60,1795,33.4261838440111
"1435","SVSP",2023,"Jul",76,2832,26.8361581920904
"1436","SVSP",2023,"Aug",56,2772,20.2020202020202
"1437","SVSP",2023,"Sep",65,2738,23.7399561723886
"1438","SVSP",2023,"Oct",61,2687,22.70189802754
"1439","SVSP",2023,"Nov",60,2661,22.5479143179256
"1440","SVSP",2023,"Dec",70,2623,26.6869996187571
