Institution,Year,Month,Use of Force,Inmate Count,Rate
CCI,2009,Jan,12,5703,2.1041557075223567
COR,2009,Jan,21,5654,3.714184648036788
HDSP,2009,Jan,30,4415,6.795016987542469
KVSP,2009,Jan,26,4789,5.429108373355606
LAC,2009,Jan,36,4906,7.337953526294333
PBSP,2009,Jan,12,3394,3.5356511490866236
SAC,2009,Jan,51,2965,17.200674536256322
SVSP,2009,Jan,28,3974,7.0457976849521895
CCI,2009,Feb,24,5562,4.314994606256742
COR,2009,Feb,20,5562,3.595828838547285
HDSP,2009,Feb,33,4424,7.459312839059674
KVSP,2009,Feb,22,4779,4.603473530027202
LAC,2009,Feb,35,4925,7.106598984771574
PBSP,2009,Feb,12,3377,3.553449807521469
SAC,2009,Feb,26,2963,8.774890313871078
SVSP,2009,Feb,32,3978,8.044243338360985
CCI,2009,Mar,28,5259,5.324206122837041
COR,2009,Mar,21,5505,3.8147138964577656
HDSP,2009,Mar,39,4451,8.762075937991463
KVSP,2009,Mar,26,4798,5.418924551896623
LAC,2009,Mar,41,4819,8.507989209379538
PBSP,2009,Mar,20,3337,5.9934072520227755
SAC,2009,Mar,40,2920,13.698630136986301
SVSP,2009,Mar,33,4037,8.174386920980925
CCI,2009,Apr,21,5235,4.011461318051576
COR,2009,Apr,18,5525,3.257918552036199
HDSP,2009,Apr,27,4459,6.055169320475443
KVSP,2009,Apr,22,4823,4.561476259589467
LAC,2009,Apr,35,4525,7.734806629834255
PBSP,2009,Apr,9,3360,2.6785714285714284
SAC,2009,Apr,29,2894,10.020732550103663
SVSP,2009,Apr,34,4220,8.056872037914692
CCI,2009,May,22,5226,4.209720627631076
COR,2009,May,14,5413,2.5863661555514503
HDSP,2009,May,40,4493,8.902737591809482
KVSP,2009,May,36,4816,7.475083056478406
LAC,2009,May,34,4602,7.388092133854846
PBSP,2009,May,25,3337,7.491759065028469
SAC,2009,May,41,2907,14.10388716890265
SVSP,2009,May,43,4208,10.218631178707225
CCI,2009,Jun,20,5354,3.7355248412401942
COR,2009,Jun,15,5409,2.7731558513588466
HDSP,2009,Jun,32,4404,7.266121707538601
KVSP,2009,Jun,19,4733,4.014367208958377
LAC,2009,Jun,28,4448,6.294964028776978
PBSP,2009,Jun,14,3258,4.297114794352364
SAC,2009,Jun,38,2858,13.296011196641008
SVSP,2009,Jun,48,4212,11.396011396011396
CCI,2009,Jul,24,5559,4.317323259579061
COR,2009,Jul,20,5426,3.6859565057132326
HDSP,2009,Jul,25,4457,5.609154139555755
KVSP,2009,Jul,29,4701,6.168900233992767
LAC,2009,Jul,34,4608,7.378472222222222
PBSP,2009,Jul,18,3235,5.564142194744976
SAC,2009,Jul,35,2889,12.114918656974732
SVSP,2009,Jul,43,4045,10.630407911001235
CCI,2009,Aug,18,5783,3.1125713297596405
COR,2009,Aug,17,5367,3.1675051239053476
HDSP,2009,Aug,30,4462,6.723442402510085
KVSP,2009,Aug,31,4697,6.5999574196295505
LAC,2009,Aug,31,4686,6.615450277422108
PBSP,2009,Aug,16,3219,4.970487729108418
SAC,2009,Aug,35,2864,12.220670391061452
SVSP,2009,Aug,43,3692,11.646803900325027
CCI,2009,Sep,26,5741,4.528827730360565
COR,2009,Sep,21,5264,3.9893617021276593
HDSP,2009,Sep,26,4496,5.782918149466192
KVSP,2009,Sep,25,4752,5.260942760942761
LAC,2009,Sep,25,4729,5.286529921759357
PBSP,2009,Sep,14,3210,4.361370716510903
SAC,2009,Sep,27,2917,9.256085018854987
SVSP,2009,Sep,36,3585,10.0418410041841
CCI,2009,Oct,21,5962,3.5223079503522308
COR,2009,Oct,21,5235,4.011461318051576
HDSP,2009,Oct,28,4472,6.2611806797853315
KVSP,2009,Oct,21,4746,4.424778761061947
LAC,2009,Oct,15,4691,3.197612449371136
PBSP,2009,Oct,8,3210,2.492211838006231
SAC,2009,Oct,37,2904,12.741046831955924
SVSP,2009,Oct,37,3760,9.840425531914894
CCI,2009,Nov,18,5888,3.0570652173913047
COR,2009,Nov,18,5332,3.3758439609902475
HDSP,2009,Nov,32,4469,7.160438576862832
KVSP,2009,Nov,25,4734,5.280946345585129
LAC,2009,Nov,25,4588,5.448997384481255
PBSP,2009,Nov,12,3341,3.5917390002993113
SAC,2009,Nov,27,3083,8.757703535517352
SVSP,2009,Nov,20,3684,5.4288816503800215
CCI,2009,Dec,19,5907,3.2165227695953953
COR,2009,Dec,25,5478,4.563709382986492
HDSP,2009,Dec,33,4486,7.356219349086046
KVSP,2009,Dec,27,4816,5.606312292358805
LAC,2009,Dec,40,4563,8.766162612316458
PBSP,2009,Dec,21,3384,6.205673758865249
SAC,2009,Dec,36,3051,11.799410029498524
SVSP,2009,Dec,37,3656,10.12035010940919
CCI,2010,Jan,15,5935,2.527379949452401
COR,2010,Jan,15,5485,2.734731084776664
HDSP,2010,Jan,31,4489,6.905769659166852
KVSP,2010,Jan,32,4796,6.672226855713094
LAC,2010,Jan,36,4613,7.804032083243008
PBSP,2010,Jan,21,3367,6.237006237006238
SAC,2010,Jan,30,3037,9.878169245966415
SVSP,2010,Jan,41,3786,10.829371368198627
CCI,2010,Feb,23,5943,3.8700992764597
COR,2010,Feb,16,5517,2.9001268805510243
HDSP,2010,Feb,17,4555,3.7321624588364433
KVSP,2010,Feb,35,4799,7.293186080433424
LAC,2010,Feb,34,4628,7.346585998271392
PBSP,2010,Feb,25,3349,7.4649148999701405
SAC,2010,Feb,26,3021,8.606421714664018
SVSP,2010,Feb,34,3769,9.020960466967365
CCI,2010,Mar,30,5874,5.107252298263534
COR,2010,Mar,17,5515,3.082502266545784
HDSP,2010,Mar,39,4522,8.624502432551967
KVSP,2010,Mar,32,4816,6.644518272425249
LAC,2010,Mar,47,4546,10.338759348878135
PBSP,2010,Mar,12,3381,3.5492457852706303
SAC,2010,Mar,31,2903,10.678608336203927
SVSP,2010,Mar,31,3769,8.224993366940833
CCI,2010,Apr,15,5954,2.5193147463889822
COR,2010,Apr,11,5321,2.067280586355948
HDSP,2010,Apr,33,4468,7.38585496866607
KVSP,2010,Apr,28,4811,5.819995842860112
LAC,2010,Apr,40,4595,8.705114254624592
PBSP,2010,Apr,17,3332,5.1020408163265305
SAC,2010,Apr,41,2923,14.026684912760862
SVSP,2010,Apr,55,3780,14.550264550264549
CCI,2010,May,25,5856,4.26912568306011
COR,2010,May,23,5239,4.390150792135904
HDSP,2010,May,40,4501,8.886914019106865
KVSP,2010,May,31,4831,6.416890912854482
LAC,2010,May,36,4530,7.947019867549669
PBSP,2010,May,28,3320,8.433734939759036
SAC,2010,May,35,2927,11.957635804578066
SVSP,2010,May,29,3797,7.637608638398736
CCI,2010,Jun,19,5925,3.2067510548523206
COR,2010,Jun,15,5191,2.8896166441918707
HDSP,2010,Jun,48,4470,10.738255033557046
KVSP,2010,Jun,38,4762,7.979840403191937
LAC,2010,Jun,37,4503,8.216744392627136
PBSP,2010,Jun,13,3309,3.9286793593230582
SAC,2010,Jun,43,2923,14.71091344509066
SVSP,2010,Jun,27,3759,7.182761372705507
CCI,2010,Jul,18,5970,3.015075376884422
COR,2010,Jul,17,5216,3.25920245398773
HDSP,2010,Jul,34,4474,7.5994635672776045
KVSP,2010,Jul,43,4580,9.388646288209607
LAC,2010,Jul,41,4597,8.91886012616924
PBSP,2010,Jul,19,3283,5.787389582698751
SAC,2010,Jul,32,2905,11.015490533562824
SVSP,2010,Jul,43,3666,11.729405346426624
CCI,2010,Aug,13,5962,2.1804763502180475
COR,2010,Aug,29,5154,5.626697710516105
HDSP,2010,Aug,37,4301,8.602650546384563
KVSP,2010,Aug,37,4381,8.445560374343756
LAC,2010,Aug,25,4504,5.550621669626999
PBSP,2010,Aug,14,3263,4.29053018694453
SAC,2010,Aug,29,2903,9.989665862900447
SVSP,2010,Aug,28,3730,7.506702412868633
CCI,2010,Sep,20,5848,3.4199726402188784
COR,2010,Sep,15,5109,2.935995302407516
HDSP,2010,Sep,39,4305,9.059233449477352
KVSP,2010,Sep,46,4581,10.04147566033617
LAC,2010,Sep,42,4484,9.36663693131133
PBSP,2010,Sep,13,3253,3.996311097448509
SAC,2010,Sep,33,2931,11.258955987717503
SVSP,2010,Sep,41,3770,10.875331564986737
CCI,2010,Oct,28,5816,4.814305364511692
COR,2010,Oct,23,5085,4.523107177974435
HDSP,2010,Oct,20,4275,4.678362573099415
KVSP,2010,Oct,36,4680,7.6923076923076925
LAC,2010,Oct,38,4505,8.435072142064373
PBSP,2010,Oct,15,3225,4.651162790697675
SAC,2010,Oct,33,2948,11.194029850746269
SVSP,2010,Oct,54,3742,14.430785676109034
CCI,2010,Nov,16,5753,2.781157656874674
COR,2010,Nov,16,4986,3.208985158443642
HDSP,2010,Nov,28,4249,6.589785831960461
KVSP,2010,Nov,38,4709,8.069653854321512
LAC,2010,Nov,25,4495,5.561735261401558
PBSP,2010,Nov,6,3247,1.8478595626732368
SAC,2010,Nov,41,2916,14.060356652949245
SVSP,2010,Nov,47,3736,12.580299785867238
CCI,2010,Dec,26,5754,4.518595759471672
COR,2010,Dec,29,4996,5.804643714971977
HDSP,2010,Dec,28,4248,6.5913370998116765
KVSP,2010,Dec,48,4671,10.276172125883107
LAC,2010,Dec,25,4498,5.558025789239662
PBSP,2010,Dec,15,3221,4.656938838869917
SAC,2010,Dec,22,2852,7.713884992987377
SVSP,2010,Dec,35,3778,9.264160931709899
CCI,2011,Jan,21,5661,3.7095919448860624
COR,2011,Jan,20,4817,4.151961801951422
HDSP,2011,Jan,19,4176,4.549808429118774
KVSP,2011,Jan,33,4669,7.067894624116514
LAC,2011,Jan,36,4493,8.012463832628534
PBSP,2011,Jan,14,3222,4.3451272501551825
SAC,2011,Jan,26,2810,9.252669039145907
SVSP,2011,Jan,71,3769,18.83788803396126
CCI,2011,Feb,19,5558,3.418495861820799
COR,2011,Feb,14,4656,3.006872852233677
HDSP,2011,Feb,27,4166,6.481036965914546
KVSP,2011,Feb,33,4664,7.0754716981132075
LAC,2011,Feb,35,4374,8.001828989483311
PBSP,2011,Feb,7,3165,2.211690363349131
SAC,2011,Feb,31,2799,11.075384065737763
SVSP,2011,Feb,48,3764,12.752391073326248
CCI,2011,Mar,22,5546,3.9668229354489717
COR,2011,Mar,23,4948,4.648342764753436
HDSP,2011,Mar,20,4133,4.839099927413502
KVSP,2011,Mar,35,4637,7.547983610092733
LAC,2011,Mar,36,4388,8.204193254329992
PBSP,2011,Mar,26,3182,8.170961659333752
SAC,2011,Mar,27,2771,9.743774810537712
SVSP,2011,Mar,53,3759,14.099494546421921
CCI,2011,Apr,28,5599,5.000893016610109
COR,2011,Apr,25,4923,5.078204346942921
HDSP,2011,Apr,16,4205,3.8049940546967895
KVSP,2011,Apr,24,4613,5.20268805549534
LAC,2011,Apr,44,4353,10.10797151389846
PBSP,2011,Apr,22,3155,6.9730586370839935
SAC,2011,Apr,35,2839,12.328284607256075
SVSP,2011,Apr,39,3811,10.233534505379167
CCI,2011,May,31,5729,5.411066503752837
COR,2011,May,23,4955,4.641775983854692
HDSP,2011,May,34,4223,8.051148472649775
KVSP,2011,May,40,4628,8.64304235090752
LAC,2011,May,36,4320,8.333333333333334
PBSP,2011,May,20,3082,6.489292667099286
SAC,2011,May,40,2840,14.084507042253522
SVSP,2011,May,58,3823,15.171331415119017
CCI,2011,Jun,33,5626,5.865623889086384
COR,2011,Jun,16,4982,3.2115616218386194
HDSP,2011,Jun,29,4255,6.81551116333725
KVSP,2011,Jun,46,4680,9.82905982905983
LAC,2011,Jun,34,4322,7.866728366496992
PBSP,2011,Jun,20,3134,6.381620931716657
SAC,2011,Jun,38,2850,13.333333333333334
SVSP,2011,Jun,37,3879,9.53854086104666
CCI,2011,Jul,36,5732,6.280530355896721
COR,2011,Jul,36,4876,7.383100902378999
HDSP,2011,Jul,46,4241,10.84649846734261
KVSP,2011,Jul,48,4718,10.173802458668929
LAC,2011,Jul,40,4220,9.47867298578199
PBSP,2011,Jul,21,3212,6.537982565379826
SAC,2011,Jul,47,2837,16.566795911173774
SVSP,2011,Jul,43,3955,10.872313527180783
CCI,2011,Aug,31,5673,5.46448087431694
COR,2011,Aug,34,4888,6.955810147299509
HDSP,2011,Aug,33,4293,7.686932215234102
KVSP,2011,Aug,48,4699,10.214939348797618
LAC,2011,Aug,46,4290,10.722610722610723
PBSP,2011,Aug,9,3262,2.7590435315757205
SAC,2011,Aug,34,2820,12.056737588652481
SVSP,2011,Aug,54,3937,13.716027432054865
CCI,2011,Sep,28,5701,4.911419049289599
COR,2011,Sep,23,5005,4.595404595404595
HDSP,2011,Sep,29,4292,6.756756756756757
KVSP,2011,Sep,36,4684,7.685738684884714
LAC,2011,Sep,28,4306,6.502554575011612
PBSP,2011,Sep,10,3272,3.0562347188264063
SAC,2011,Sep,39,2851,13.679410733076113
SVSP,2011,Sep,58,3950,14.683544303797468
CCI,2011,Oct,27,5509,4.901070974768561
COR,2011,Oct,26,4990,5.210420841683367
HDSP,2011,Oct,33,4133,7.984514880232277
KVSP,2011,Oct,43,4629,9.289263339814214
LAC,2011,Oct,37,4322,8.560851457658492
PBSP,2011,Oct,12,3228,3.717472118959108
SAC,2011,Oct,43,2836,15.162200282087447
SVSP,2011,Oct,39,3982,9.794073329984933
CCI,2011,Nov,35,5236,6.684491978609626
COR,2011,Nov,28,4817,5.812746522731991
HDSP,2011,Nov,25,4057,6.162188809465122
KVSP,2011,Nov,26,4437,5.859815190443994
LAC,2011,Nov,40,3937,10.16002032004064
PBSP,2011,Nov,18,3215,5.598755832037325
SAC,2011,Nov,36,2827,12.734347364697559
SVSP,2011,Nov,55,3944,13.94523326572008
CCI,2011,Dec,27,5089,5.30556101395166
COR,2011,Dec,29,4797,6.0454450698353135
HDSP,2011,Dec,20,4082,4.899559039686428
KVSP,2011,Dec,21,4368,4.807692307692308
LAC,2011,Dec,37,3851,9.6078940534926
PBSP,2011,Dec,22,3165,6.9510268562401265
SAC,2011,Dec,30,2847,10.53740779768177
SVSP,2011,Dec,45,3955,11.378002528445007
CCI,2012,Jan,20,4599,4.348771472059143
COR,2012,Jan,24,4566,5.256241787122208
HDSP,2012,Jan,34,3955,8.596713021491784
KVSP,2012,Jan,34,4336,7.841328413284132
LAC,2012,Jan,31,3583,8.651967624895338
PBSP,2012,Jan,26,3076,8.45253576072822
SAC,2012,Jan,33,2891,11.414735385679695
SVSP,2012,Jan,55,3934,13.980681240467717
CCI,2012,Feb,10,4659,2.14638334406525
COR,2012,Feb,22,4430,4.966139954853273
HDSP,2012,Feb,33,3874,8.518327310273618
KVSP,2012,Feb,35,4210,8.31353919239905
LAC,2012,Feb,35,3727,9.390931043734907
PBSP,2012,Feb,18,3076,5.851755526657998
SAC,2012,Feb,23,2811,8.182141586623978
SVSP,2012,Feb,45,3741,12.028869286287089
CCI,2012,Mar,20,4728,4.230118443316413
COR,2012,Mar,25,4504,5.550621669626999
HDSP,2012,Mar,18,3786,4.754358161648177
KVSP,2012,Mar,34,4174,8.145663632007667
LAC,2012,Mar,36,3894,9.244992295839754
PBSP,2012,Mar,19,3091,6.146878032999029
SAC,2012,Mar,33,2786,11.844938980617373
SVSP,2012,Mar,48,3532,13.590033975084937
CCI,2012,Apr,12,4636,2.588438308886971
COR,2012,Apr,29,4558,6.362439666520404
HDSP,2012,Apr,32,3722,8.597528210639442
KVSP,2012,Apr,38,4179,9.093084469968892
LAC,2012,Apr,31,3936,7.876016260162601
PBSP,2012,Apr,13,3078,4.223521767381416
SAC,2012,Apr,40,2750,14.545454545454545
SVSP,2012,Apr,40,3538,11.305822498586773
CCI,2012,May,15,4557,3.291639236339697
COR,2012,May,36,4658,7.728638900815801
HDSP,2012,May,39,3754,10.388918486947256
KVSP,2012,May,30,4196,7.149666348903718
LAC,2012,May,46,3950,11.645569620253164
PBSP,2012,May,22,3113,7.067137809187279
SAC,2012,May,26,2700,9.62962962962963
SVSP,2012,May,52,3534,14.714204867006226
CCI,2012,Jun,18,4607,3.907097894508357
COR,2012,Jun,26,4657,5.58299334335409
HDSP,2012,Jun,30,3734,8.034279592929833
KVSP,2012,Jun,35,4186,8.361204013377925
LAC,2012,Jun,36,3938,9.14169629253428
PBSP,2012,Jun,28,3177,8.813345923827509
SAC,2012,Jun,53,2720,19.485294117647058
SVSP,2012,Jun,49,3560,13.764044943820224
CCI,2012,Jul,27,4685,5.76307363927428
COR,2012,Jul,28,4743,5.903436643474595
HDSP,2012,Jul,28,3729,7.508715473317243
KVSP,2012,Jul,53,4149,12.774162448782839
LAC,2012,Jul,39,3955,9.860935524652339
PBSP,2012,Jul,19,3153,6.026006977481764
SAC,2012,Jul,33,2684,12.295081967213115
SVSP,2012,Jul,40,3547,11.27713560755568
CCI,2012,Aug,15,4764,3.1486146095717884
COR,2012,Aug,33,4706,7.012324691882703
HDSP,2012,Aug,18,3684,4.885993485342019
KVSP,2012,Aug,48,4082,11.758941695247428
LAC,2012,Aug,28,3919,7.144679765246236
PBSP,2012,Aug,19,3139,6.052883083784645
SAC,2012,Aug,34,2654,12.81085154483798
SVSP,2012,Aug,37,3572,10.358342665173572
CCI,2012,Sep,25,4768,5.243288590604027
COR,2012,Sep,27,4729,5.709452315500106
HDSP,2012,Sep,12,3614,3.320420586607637
KVSP,2012,Sep,34,3977,8.549157656525018
LAC,2012,Sep,47,3891,12.079157029041378
PBSP,2012,Sep,18,3101,5.804579168010319
SAC,2012,Sep,36,2654,13.564431047475509
SVSP,2012,Sep,29,3509,8.264462809917356
CCI,2012,Oct,15,4676,3.20786997433704
COR,2012,Oct,28,4703,5.953646608547736
HDSP,2012,Oct,34,3531,9.629000283205892
KVSP,2012,Oct,24,3975,6.037735849056603
LAC,2012,Oct,30,3836,7.820646506777894
PBSP,2012,Oct,17,3071,5.535656138065777
SAC,2012,Oct,36,2572,13.996889580093312
SVSP,2012,Oct,33,3559,9.272267490868222
CCI,2012,Nov,14,4529,3.0911901081916535
COR,2012,Nov,25,4652,5.374032674118658
HDSP,2012,Nov,21,3512,5.979498861047836
KVSP,2012,Nov,30,3967,7.562389715149987
LAC,2012,Nov,37,3799,9.739405106607002
PBSP,2012,Nov,13,3032,4.2875989445910285
SAC,2012,Nov,29,2532,11.453396524486571
SVSP,2012,Nov,42,3621,11.599005799502901
CCI,2012,Dec,13,4508,2.883762200532387
COR,2012,Dec,11,4611,2.3855996530036867
HDSP,2012,Dec,17,3440,4.941860465116279
KVSP,2012,Dec,36,3870,9.30232558139535
LAC,2012,Dec,46,3750,12.266666666666667
PBSP,2012,Dec,20,2980,6.7114093959731544
SAC,2012,Dec,20,2557,7.821666014861166
SVSP,2012,Dec,31,3637,8.523508386032445
CCI,2013,Jan,18,4464,4.032258064516129
COR,2013,Jan,22,4581,4.802444881030342
HDSP,2013,Jan,22,3478,6.325474410580793
KVSP,2013,Jan,46,3792,12.130801687763713
LAC,2013,Jan,39,3718,10.48951048951049
PBSP,2013,Jan,25,2909,8.594018563080096
SAC,2013,Jan,34,2473,13.748483623129802
SVSP,2013,Jan,37,3592,10.300668151447661
CCI,2013,Feb,10,4555,2.1953896816684964
COR,2013,Feb,22,4496,4.893238434163701
HDSP,2013,Feb,17,3469,4.900547708273278
KVSP,2013,Feb,28,3775,7.417218543046357
LAC,2013,Feb,30,3804,7.886435331230284
PBSP,2013,Feb,10,2865,3.4904013961605584
SAC,2013,Feb,33,2391,13.801756587202007
SVSP,2013,Feb,39,3577,10.90299133351971
CCI,2013,Mar,14,4635,3.0204962243797193
COR,2013,Mar,24,4498,5.335704757670075
HDSP,2013,Mar,18,3453,5.212858384013901
KVSP,2013,Mar,37,3723,9.938221864088101
LAC,2013,Mar,46,3763,12.22428913101249
PBSP,2013,Mar,27,2858,9.447165850244927
SAC,2013,Mar,32,2324,13.769363166953529
SVSP,2013,Mar,54,3575,15.104895104895105
CCI,2013,Apr,15,4590,3.2679738562091503
COR,2013,Apr,25,4421,5.654829224157431
HDSP,2013,Apr,18,3360,5.357142857142857
KVSP,2013,Apr,33,3702,8.914100486223663
LAC,2013,Apr,35,3758,9.313464608834487
PBSP,2013,Apr,18,2872,6.267409470752089
SAC,2013,Apr,35,2240,15.625
SVSP,2013,Apr,40,3497,11.43837575064341
CCI,2013,May,14,4592,3.048780487804878
COR,2013,May,28,4394,6.372325898953117
HDSP,2013,May,20,3295,6.0698027314112295
KVSP,2013,May,32,3715,8.61372812920592
LAC,2013,May,48,3743,12.823938017632914
PBSP,2013,May,20,2860,6.993006993006993
SAC,2013,May,38,2202,17.257039055404178
SVSP,2013,May,45,3475,12.949640287769784
CCI,2013,Jun,12,4579,2.62065953264905
COR,2013,Jun,25,4423,5.652272213429799
HDSP,2013,Jun,21,3261,6.439742410303588
KVSP,2013,Jun,37,3685,10.040705563093622
LAC,2013,Jun,24,3679,6.523511823865181
PBSP,2013,Jun,18,2831,6.358177322500883
SAC,2013,Jun,35,2181,16.047684548372306
SVSP,2013,Jun,49,3487,14.052193862919415
CCI,2013,Jul,17,4568,3.7215411558669
COR,2013,Jul,23,4268,5.3889409559512655
HDSP,2013,Jul,29,3287,8.822634621235169
KVSP,2013,Jul,42,3698,11.357490535424553
LAC,2013,Jul,38,3623,10.488545404361027
PBSP,2013,Jul,20,2820,7.092198581560283
SAC,2013,Jul,31,2237,13.857845328565043
SVSP,2013,Jul,58,3527,16.444570456478594
CCI,2013,Aug,24,4704,5.1020408163265305
COR,2013,Aug,33,4342,7.600184246890834
HDSP,2013,Aug,25,3305,7.564296520423601
KVSP,2013,Aug,41,3725,11.006711409395972
LAC,2013,Aug,53,3659,14.48483192128997
PBSP,2013,Aug,14,2694,5.1967334818114335
SAC,2013,Aug,27,2165,12.471131639722863
SVSP,2013,Aug,43,3520,12.215909090909092
CCI,2013,Sep,16,4731,3.3819488480236735
COR,2013,Sep,21,4380,4.794520547945206
HDSP,2013,Sep,10,3334,2.999400119976005
KVSP,2013,Sep,34,3711,9.161950956615467
LAC,2013,Sep,24,3716,6.458557588805167
PBSP,2013,Sep,18,2716,6.627393225331369
SAC,2013,Sep,33,2097,15.736766809728183
SVSP,2013,Sep,29,3522,8.233957978421351
CCI,2013,Oct,15,4597,3.262997607135088
COR,2013,Oct,30,4409,6.804264005443411
HDSP,2013,Oct,14,3384,4.137115839243498
KVSP,2013,Oct,27,3719,7.260016133369184
LAC,2013,Oct,27,3790,7.12401055408971
PBSP,2013,Oct,16,2669,5.994754589733983
SAC,2013,Oct,28,2104,13.307984790874524
SVSP,2013,Oct,41,3473,11.805355600345523
CCI,2013,Nov,9,4433,2.0302278366794497
COR,2013,Nov,25,4357,5.737893045673629
HDSP,2013,Nov,24,3314,7.24200362100181
KVSP,2013,Nov,17,3753,4.529709565680789
LAC,2013,Nov,40,3725,10.738255033557046
PBSP,2013,Nov,10,2663,3.755163349605708
SAC,2013,Nov,21,2182,9.624197983501375
SVSP,2013,Nov,36,3417,10.535557506584723
CCI,2013,Dec,20,4419,4.525910839556461
COR,2013,Dec,29,4353,6.66207213416035
HDSP,2013,Dec,14,3366,4.159239453357101
KVSP,2013,Dec,32,3741,8.55386260358193
LAC,2013,Dec,33,3697,8.926156342980796
PBSP,2013,Dec,6,2659,2.2564874012786764
SAC,2013,Dec,34,2202,15.44050862851953
SVSP,2013,Dec,35,3377,10.36422860527095
CAC,2014,Jan,3,625,4.8
CCI,2014,Jan,17,4407,3.8574994327206715
COR,2014,Jan,25,4371,5.719514985129261
HDSP,2014,Jan,30,3383,8.867868755542418
KVSP,2014,Jan,29,3682,7.876154263986964
LAC,2014,Jan,35,3692,9.479956663055255
PBSP,2014,Jan,10,2701,3.702332469455757
SAC,2014,Jan,47,2184,21.52014652014652
SVSP,2014,Jan,27,3388,7.969303423848879
CAC,2014,Feb,1,838,1.1933174224343677
CCI,2014,Feb,15,4361,3.43957807842238
COR,2014,Feb,21,4371,4.80439258750858
HDSP,2014,Feb,24,3436,6.984866123399302
KVSP,2014,Feb,26,3749,6.935182715390771
LAC,2014,Feb,32,3669,8.72172254020169
PBSP,2014,Feb,9,2717,3.312476996687523
SAC,2014,Feb,35,2210,15.837104072398189
SVSP,2014,Feb,31,3312,9.359903381642512
CAC,2014,Mar,5,1429,3.4989503149055285
CCI,2014,Mar,21,4359,4.817618719889883
COR,2014,Mar,32,4305,7.4332171893147505
HDSP,2014,Mar,28,3390,8.259587020648967
KVSP,2014,Mar,39,3775,10.33112582781457
LAC,2014,Mar,30,3599,8.335648791330925
PBSP,2014,Mar,3,2754,1.0893246187363836
SAC,2014,Mar,34,2189,15.532206486980357
SVSP,2014,Mar,43,3354,12.82051282051282
CAC,2014,Apr,3,1705,1.7595307917888563
CCI,2014,Apr,10,4403,2.271178741766977
COR,2014,Apr,25,4339,5.7616962433740495
HDSP,2014,Apr,10,3318,3.0138637733574445
KVSP,2014,Apr,27,3792,7.120253164556962
LAC,2014,Apr,38,3572,10.638297872340425
PBSP,2014,Apr,10,2768,3.61271676300578
SAC,2014,Apr,26,2253,11.54016866400355
SVSP,2014,Apr,37,3358,11.0184633710542
CAC,2014,May,2,1738,1.1507479861910241
CCI,2014,May,17,4420,3.8461538461538463
COR,2014,May,25,4352,5.744485294117648
HDSP,2014,May,28,3313,8.451554482342287
KVSP,2014,May,32,3855,8.300907911802854
LAC,2014,May,41,3562,11.510387422796182
PBSP,2014,May,11,2789,3.9440659734671923
SAC,2014,May,44,2247,19.58166444147753
SVSP,2014,May,44,3352,13.126491646778042
CAC,2014,Jun,0,2194,0.0
CCI,2014,Jun,13,4395,2.9579067121729237
COR,2014,Jun,24,4287,5.598320503848845
HDSP,2014,Jun,28,3307,8.4668884185062
KVSP,2014,Jun,19,3847,4.938913439043411
LAC,2014,Jun,39,3560,10.955056179775282
PBSP,2014,Jun,13,2821,4.608294930875576
SAC,2014,Jun,32,2262,14.146772767462421
SVSP,2014,Jun,42,3357,12.511170688114388
CAC,2014,Jul,3,2253,1.3315579227696406
CCI,2014,Jul,15,4408,3.4029038112522687
COR,2014,Jul,20,4335,4.61361014994233
HDSP,2014,Jul,20,3343,5.982650314089142
KVSP,2014,Jul,24,3835,6.258148631029987
LAC,2014,Jul,37,3607,10.257831993346272
PBSP,2014,Jul,8,2821,2.835873803615739
SAC,2014,Jul,61,2231,27.34199910354101
SVSP,2014,Jul,24,3367,7.128007128007128
CAC,2014,Aug,4,2269,1.762891141472014
CCI,2014,Aug,18,4482,4.016064257028112
COR,2014,Aug,29,4314,6.722299490032452
HDSP,2014,Aug,22,3437,6.400931044515566
KVSP,2014,Aug,31,3811,8.134347940173182
LAC,2014,Aug,44,3593,12.24603395491233
PBSP,2014,Aug,9,2857,3.150157507875394
SAC,2014,Aug,52,2216,23.465703971119133
SVSP,2014,Aug,41,3457,11.859994214636968
CAC,2014,Sep,2,2250,0.888888888888889
CCI,2014,Sep,17,4482,3.7929495760821066
COR,2014,Sep,32,4375,7.314285714285714
HDSP,2014,Sep,22,3474,6.332757628094416
KVSP,2014,Sep,28,3835,7.301173402868318
LAC,2014,Sep,19,3582,5.30429927414852
PBSP,2014,Sep,5,2830,1.7667844522968197
SAC,2014,Sep,53,2211,23.97105382180009
SVSP,2014,Sep,41,3500,11.714285714285714
CAC,2014,Oct,3,2226,1.3477088948787064
CCI,2014,Oct,7,4398,1.5916325602546613
COR,2014,Oct,30,4381,6.847751654873316
HDSP,2014,Oct,20,3542,5.64652738565782
KVSP,2014,Oct,27,3835,7.040417209908735
LAC,2014,Oct,45,3548,12.683201803833146
PBSP,2014,Oct,6,2785,2.154398563734291
SAC,2014,Oct,43,2165,19.861431870669747
SVSP,2014,Oct,49,3485,14.06025824964132
CAC,2014,Nov,1,2231,0.44822949350067237
CCI,2014,Nov,8,4404,1.8165304268846503
COR,2014,Nov,22,4369,5.03547722590982
HDSP,2014,Nov,18,3528,5.1020408163265305
KVSP,2014,Nov,17,3832,4.4363256784968685
LAC,2014,Nov,41,3544,11.56884875846501
PBSP,2014,Nov,5,2785,1.7953321364452424
SAC,2014,Nov,41,2175,18.850574712643677
SVSP,2014,Nov,49,3489,14.044138721696761
CAC,2014,Dec,2,2141,0.9341429238673516
CCI,2014,Dec,8,4329,1.8480018480018479
COR,2014,Dec,29,4219,6.87366674567433
HDSP,2014,Dec,23,3578,6.428172163219676
KVSP,2014,Dec,18,3795,4.743083003952569
LAC,2014,Dec,33,3513,9.393680614859093
PBSP,2014,Dec,5,2696,1.8545994065281899
SAC,2014,Dec,44,2196,20.036429872495447
SVSP,2014,Dec,34,3566,9.534492428491307
CCI,2015,Jan,8,4329,1.8480018480018479
COR,2015,Jan,18,4219,4.266413842142688
HDSP,2015,Jan,20,3578,5.589714924538848
KVSP,2015,Jan,26,3795,6.851119894598155
LAC,2015,Jan,32,3513,9.109023626530032
PBSP,2015,Jan,4,2696,1.483679525222552
SAC,2015,Jan,40,2196,18.214936247723134
SVSP,2015,Jan,40,3566,11.217049915872126
CCI,2015,Feb,12,4191,2.863278453829635
COR,2015,Feb,16,4084,3.9177277179236043
HDSP,2015,Feb,12,3497,3.4315127251930226
KVSP,2015,Feb,32,3779,8.46784863720561
LAC,2015,Feb,42,3514,11.952191235059761
PBSP,2015,Feb,7,2631,2.6605853287723296
SAC,2015,Feb,32,2180,14.678899082568808
SVSP,2015,Feb,24,3592,6.6815144766147
CCI,2015,Mar,13,4112,3.1614785992217898
COR,2015,Mar,25,4089,6.113964294448521
HDSP,2015,Mar,28,3392,8.254716981132075
KVSP,2015,Mar,21,3738,5.617977528089887
LAC,2015,Mar,37,3502,10.5653912050257
PBSP,2015,Mar,6,2624,2.2865853658536586
SAC,2015,Mar,57,2238,25.469168900804288
SVSP,2015,Mar,39,3590,10.86350974930362
CCI,2015,Apr,5,4112,1.2159533073929962
COR,2015,Apr,29,4089,7.092198581560283
HDSP,2015,Apr,15,3392,4.422169811320755
KVSP,2015,Apr,27,3738,7.223113964686998
LAC,2015,Apr,31,3502,8.85208452312964
PBSP,2015,Apr,8,2624,3.048780487804878
SAC,2015,Apr,38,2238,16.979445933869528
SVSP,2015,Apr,41,3590,11.420612813370473
CCI,2015,May,11,3851,2.856400934822124
COR,2015,May,40,4322,9.254974548819991
HDSP,2015,May,24,3314,7.24200362100181
KVSP,2015,May,25,3750,6.666666666666667
LAC,2015,May,33,3507,9.409751924721984
PBSP,2015,May,11,2680,4.104477611940299
SAC,2015,May,58,2242,25.869759143621767
SVSP,2015,May,36,3677,9.790590155017677
CCI,2015,Jun,14,3931,3.561434749427627
COR,2015,Jun,20,4405,4.540295119182747
HDSP,2015,Jun,23,3300,6.96969696969697
KVSP,2015,Jun,23,3638,6.322155030236393
LAC,2015,Jun,35,3494,10.01717229536348
PBSP,2015,Jun,17,2742,6.199854121079504
SAC,2015,Jun,41,2319,17.680034497628288
SVSP,2015,Jun,29,3678,7.884719956498096
CCI,2015,Jul,17,3928,4.327902240325866
COR,2015,Jul,38,4427,8.583690987124463
HDSP,2015,Jul,21,3398,6.180105944673337
KVSP,2015,Jul,34,3628,9.371554575523705
LAC,2015,Jul,45,3503,12.84613188695404
PBSP,2015,Jul,13,2720,4.779411764705883
SAC,2015,Jul,54,2310,23.376623376623378
SVSP,2015,Jul,37,3707,9.981116806042621
CCI,2015,Aug,12,3905,3.0729833546734957
COR,2015,Aug,14,4371,3.202928391672386
HDSP,2015,Aug,28,3288,8.51581508515815
KVSP,2015,Aug,33,3676,8.977149075081611
LAC,2015,Aug,44,3497,12.582213325707748
PBSP,2015,Aug,5,2736,1.827485380116959
SAC,2015,Aug,46,2271,20.25539409951563
SVSP,2015,Aug,41,3693,11.102085025724344
CCI,2015,Sep,13,3814,3.4084950183534346
COR,2015,Sep,27,4371,6.177076183939602
HDSP,2015,Sep,22,3338,6.5907729179149195
KVSP,2015,Sep,31,3714,8.346795907377489
LAC,2015,Sep,37,3516,10.523321956769054
PBSP,2015,Sep,5,2736,1.827485380116959
SAC,2015,Sep,48,2226,21.563342318059302
SVSP,2015,Sep,34,3693,9.206607094503115
CCI,2015,Oct,19,3783,5.022468939994714
COR,2015,Oct,39,4408,8.847549909255898
HDSP,2015,Oct,17,3437,4.946173988943846
KVSP,2015,Oct,33,3792,8.70253164556962
LAC,2015,Oct,34,3570,9.523809523809526
PBSP,2015,Oct,7,2597,2.6954177897574128
SAC,2015,Oct,62,2184,28.388278388278387
SVSP,2015,Oct,41,3770,10.875331564986737
CCI,2015,Nov,7,3755,1.8641810918774966
COR,2015,Nov,34,4313,7.883143983306284
HDSP,2015,Nov,23,3489,6.592146746918888
KVSP,2015,Nov,24,3949,6.07748797163839
LAC,2015,Nov,43,3575,12.027972027972028
PBSP,2015,Nov,8,2514,3.182179793158314
SAC,2015,Nov,33,2243,14.712438698172091
SVSP,2015,Nov,40,3735,10.7095046854083
CCI,2015,Dec,9,3671,2.451648052301825
COR,2015,Dec,23,4264,5.393996247654784
HDSP,2015,Dec,22,3567,6.167647883375385
KVSP,2015,Dec,23,3909,5.883857764134049
LAC,2015,Dec,45,3545,12.693935119887165
PBSP,2015,Dec,9,2458,3.6615134255492268
SAC,2015,Dec,48,2232,21.505376344086024
SVSP,2015,Dec,37,3660,10.109289617486338
CAC,2016,Jan,0,1841,0.0
CCI,2016,Jan,17,3575,4.755244755244755
COR,2016,Jan,15,4132,3.6302032913843174
HDSP,2016,Jan,22,3557,6.184987348889514
KVSP,2016,Jan,29,3944,7.352941176470588
LAC,2016,Jan,26,3563,7.297221442604546
PBSP,2016,Jan,3,2288,1.3111888111888113
SAC,2016,Jan,52,2284,22.76707530647986
SVSP,2016,Jan,39,3671,10.623808226641243
CAC,2016,Feb,1,1887,0.5299417064122947
CCI,2016,Feb,9,3450,2.608695652173913
COR,2016,Feb,30,4129,7.265681763138775
HDSP,2016,Feb,22,3600,6.111111111111112
KVSP,2016,Feb,25,3931,6.359704909692191
LAC,2016,Feb,28,3521,7.952286282306162
PBSP,2016,Feb,21,2266,9.267431597528685
SAC,2016,Feb,48,2316,20.72538860103627
SVSP,2016,Feb,48,3650,13.15068493150685
CAC,2016,Mar,1,1866,0.5359056806002144
CCI,2016,Mar,14,3277,4.272200183094293
COR,2016,Mar,33,4093,8.062545809919374
HDSP,2016,Mar,23,3663,6.279006279006279
KVSP,2016,Mar,36,3944,9.127789046653144
LAC,2016,Mar,30,3531,8.496176720475786
PBSP,2016,Mar,7,2232,3.1362007168458783
SAC,2016,Mar,51,2376,21.464646464646464
SVSP,2016,Mar,42,3686,11.394465545306565
CAC,2016,Apr,1,1825,0.547945205479452
CCI,2016,Apr,20,3216,6.218905472636816
COR,2016,Apr,35,3880,9.02061855670103
HDSP,2016,Apr,29,3667,7.908371966184892
KVSP,2016,Apr,31,4023,7.705692269450659
LAC,2016,Apr,41,3554,11.536297129994372
PBSP,2016,Apr,13,2164,6.007393715341959
SAC,2016,Apr,41,2410,17.012448132780083
SVSP,2016,Apr,38,3604,10.543840177580467
CAC,2016,May,0,1805,0.0
CCI,2016,May,24,3127,7.675087943716021
COR,2016,May,33,3778,8.734780307040761
HDSP,2016,May,24,3685,6.512890094979647
KVSP,2016,May,34,4032,8.432539682539682
LAC,2016,May,29,3532,8.210645526613815
PBSP,2016,May,7,2172,3.2228360957642725
SAC,2016,May,46,2410,19.087136929460584
SVSP,2016,May,43,3741,11.494252873563218
CAC,2016,Jun,1,1790,0.5586592178770949
CCI,2016,Jun,15,3150,4.761904761904763
COR,2016,Jun,32,3633,8.808147536471235
HDSP,2016,Jun,14,3706,3.7776578521316786
KVSP,2016,Jun,42,3950,10.632911392405063
LAC,2016,Jun,36,3536,10.180995475113123
PBSP,2016,Jun,20,2300,8.695652173913043
SAC,2016,Jun,65,2389,27.208036835496024
SVSP,2016,Jun,42,3746,11.211959423384943
CAC,2016,Jul,2,1847,1.0828370330265296
CCI,2016,Jul,28,3326,8.418520745640409
COR,2016,Jul,26,3414,7.615700058582308
HDSP,2016,Jul,22,3753,5.861977084998668
KVSP,2016,Jul,42,3926,10.697911360163017
LAC,2016,Jul,39,3539,11.020062164453234
PBSP,2016,Jul,11,2348,4.6848381601362865
SAC,2016,Jul,42,2365,17.758985200845665
SVSP,2016,Jul,49,3792,12.921940928270041
CAC,2016,Aug,1,1900,0.5263157894736842
CCI,2016,Aug,21,3458,6.0728744939271255
COR,2016,Aug,41,3268,12.545899632802938
HDSP,2016,Aug,20,3845,5.201560468140443
KVSP,2016,Aug,42,3880,10.824742268041236
LAC,2016,Aug,27,3501,7.712082262210797
PBSP,2016,Aug,9,2342,3.842869342442357
SAC,2016,Aug,46,2340,19.65811965811966
SVSP,2016,Aug,45,3782,11.89846641988366
CAC,2016,Sep,0,1987,0.0
CCI,2016,Sep,20,3585,5.578800557880055
COR,2016,Sep,26,3251,7.997539218701938
HDSP,2016,Sep,18,3767,4.778338200159278
KVSP,2016,Sep,41,3932,10.427263479145472
LAC,2016,Sep,27,3443,7.841998257333722
PBSP,2016,Sep,9,2258,3.9858281665190436
SAC,2016,Sep,42,2316,18.134715025906733
SVSP,2016,Sep,53,3771,14.05462741978255
CAC,2016,Oct,0,2116,0.0
CCI,2016,Oct,22,3651,6.025746370857299
COR,2016,Oct,36,3340,10.778443113772456
HDSP,2016,Oct,16,3727,4.292997048564529
KVSP,2016,Oct,40,3854,10.378827192527245
LAC,2016,Oct,34,3291,10.331206320267396
PBSP,2016,Oct,12,2248,5.338078291814947
SAC,2016,Oct,33,2315,14.254859611231103
SVSP,2016,Oct,48,3776,12.711864406779663
CAC,2016,Nov,0,2170,0.0
CCI,2016,Nov,20,3683,5.430355688297583
COR,2016,Nov,24,3348,7.168458781362007
HDSP,2016,Nov,14,3735,3.748326639892905
KVSP,2016,Nov,52,3797,13.695022386094285
LAC,2016,Nov,37,3350,11.044776119402984
PBSP,2016,Nov,11,2197,5.006827492034593
SAC,2016,Nov,35,2284,15.32399299474606
SVSP,2016,Nov,45,3667,12.271611671666212
CAC,2016,Dec,2,2167,0.9229349330872173
CCI,2016,Dec,26,3722,6.985491671144546
COR,2016,Dec,32,3416,9.36768149882904
HDSP,2016,Dec,16,3719,4.302231782737295
KVSP,2016,Dec,28,3710,7.547169811320755
LAC,2016,Dec,28,3392,8.254716981132075
PBSP,2016,Dec,8,2153,3.715745471435207
SAC,2016,Dec,56,2258,24.80070859167405
SVSP,2016,Dec,18,3731,4.824443848834092
CAC,2017,Jan,2,2159,0.9263547938860583
CCI,2017,Jan,24,3729,6.436041834271922
COR,2017,Jan,51,3502,14.563106796116505
HDSP,2017,Jan,12,3700,3.243243243243243
KVSP,2017,Jan,28,3757,7.452754857599149
LAC,2017,Jan,39,3447,11.314186248912097
PBSP,2017,Jan,10,2116,4.725897920604915
SAC,2017,Jan,49,2250,21.77777777777778
SVSP,2017,Jan,51,3438,14.834205933682375
CAC,2017,Feb,0,2201,0.0
CCI,2017,Feb,26,3834,6.781429316640584
COR,2017,Feb,35,3480,10.057471264367816
HDSP,2017,Feb,22,3701,5.944339367738449
KVSP,2017,Feb,36,3753,9.592326139088728
LAC,2017,Feb,44,3428,12.835472578763126
PBSP,2017,Feb,8,2110,3.7914691943127963
SAC,2017,Feb,34,2212,15.370705244122965
SVSP,2017,Feb,33,3411,9.674582233948987
CAC,2017,Mar,2,2302,0.8688097306689835
CCI,2017,Mar,35,3895,8.985879332477536
COR,2017,Mar,42,3359,12.503721345638583
HDSP,2017,Mar,13,3655,3.556771545827633
KVSP,2017,Mar,37,3700,10.0
LAC,2017,Mar,48,3459,13.876843018213355
PBSP,2017,Mar,9,2071,4.345726702076291
SAC,2017,Mar,31,2302,13.466550825369245
SVSP,2017,Mar,34,3515,9.672830725462305
CAC,2017,Apr,2,2377,0.8413967185527976
CCI,2017,Apr,35,3893,8.990495761623427
COR,2017,Apr,32,3296,9.70873786407767
HDSP,2017,Apr,13,3700,3.5135135135135136
KVSP,2017,Apr,24,3695,6.495263870094722
LAC,2017,Apr,54,3331,16.21134794356049
PBSP,2017,Apr,9,2036,4.4204322200392925
SAC,2017,Apr,38,2319,16.386373436826215
SVSP,2017,Apr,36,3650,9.863013698630137
CAC,2017,May,1,2317,0.43159257660768235
CCI,2017,May,30,3797,7.900974453515933
COR,2017,May,40,3067,13.042060645582001
HDSP,2017,May,18,3797,4.74058467210956
KVSP,2017,May,41,3735,10.977242302543507
LAC,2017,May,48,3349,14.33263660794267
PBSP,2017,May,11,2029,5.421389847215377
SAC,2017,May,53,2338,22.66894781864842
SVSP,2017,May,33,3651,9.03861955628595
CAC,2017,Jun,0,2403,0.0
CCI,2017,Jun,38,3828,9.926854754440962
COR,2017,Jun,39,3111,12.53616200578592
HDSP,2017,Jun,29,3737,7.760235483007761
KVSP,2017,Jun,47,3688,12.74403470715835
LAC,2017,Jun,30,3411,8.795074758135446
PBSP,2017,Jun,5,2052,2.4366471734892787
SAC,2017,Jun,42,2324,18.072289156626507
SVSP,2017,Jun,42,3621,11.599005799502901
CAC,2017,Jul,4,2471,1.6187778227438285
CCI,2017,Jul,32,3814,8.390141583639224
COR,2017,Jul,41,3240,12.654320987654321
HDSP,2017,Jul,18,3594,5.0083472454090145
KVSP,2017,Jul,49,3653,13.413632630714481
LAC,2017,Jul,48,3401,14.113496030579242
PBSP,2017,Jul,3,2071,1.448575567358764
SAC,2017,Jul,54,2322,23.25581395348837
SVSP,2017,Jul,35,3565,9.817671809256662
CAC,2017,Aug,7,2464,2.840909090909091
CCI,2017,Aug,35,3857,9.074410163339383
COR,2017,Aug,49,3272,14.975550122249388
HDSP,2017,Aug,22,3566,6.16937745372967
KVSP,2017,Aug,43,3665,11.732605729877216
LAC,2017,Aug,36,3454,10.422698320787493
PBSP,2017,Aug,6,2201,2.7260336210813265
SAC,2017,Aug,53,2220,23.873873873873872
SVSP,2017,Aug,37,3584,10.323660714285714
CAC,2017,Sep,4,2507,1.5955325089748702
CCI,2017,Sep,27,3868,6.980351602895553
COR,2017,Sep,35,3196,10.95118898623279
HDSP,2017,Sep,20,3594,5.564830272676683
KVSP,2017,Sep,54,3706,14.57096600107933
LAC,2017,Sep,42,3489,12.037833190025795
PBSP,2017,Sep,10,2309,4.3308791684712
SAC,2017,Sep,39,2189,17.816354499771585
SVSP,2017,Sep,35,3592,9.743875278396438
CAC,2017,Oct,6,2459,2.4400162667751117
CCI,2017,Oct,26,3806,6.831318970047294
COR,2017,Oct,42,3143,13.3630289532294
HDSP,2017,Oct,31,3498,8.862206975414523
KVSP,2017,Oct,27,3719,7.260016133369184
LAC,2017,Oct,44,3461,12.713088702687084
PBSP,2017,Oct,19,2447,7.764609726195341
SAC,2017,Oct,33,2172,15.193370165745856
SVSP,2017,Oct,36,3542,10.163749294184075
CAC,2017,Nov,0,2507,0.0
CCI,2017,Nov,24,3843,6.24512099921936
COR,2017,Nov,29,3062,9.470934030045722
HDSP,2017,Nov,32,3457,9.256580850448366
KVSP,2017,Nov,36,3744,9.615384615384617
LAC,2017,Nov,39,3413,11.426897157925579
PBSP,2017,Nov,8,2523,3.1708283789139915
SAC,2017,Nov,50,2115,23.64066193853428
SVSP,2017,Nov,44,3601,12.218828103304638
CAC,2017,Dec,3,2471,1.2140833670578712
CCI,2017,Dec,35,3843,9.107468123861567
COR,2017,Dec,41,3066,13.372472276581865
HDSP,2017,Dec,26,3454,7.527504342790967
KVSP,2017,Dec,47,3745,12.550066755674232
LAC,2017,Dec,35,3422,10.227936879018118
PBSP,2017,Dec,10,2510,3.9840637450199203
SAC,2017,Dec,30,2087,14.374700527072353
SVSP,2017,Dec,32,3599,8.891358710752986
CAC,2018,Jan,4,2414,1.657000828500414
CCI,2018,Jan,33,3404,9.694477085781434
COR,2018,Jan,47,3094,15.190691661279896
HDSP,2018,Jan,24,3424,7.009345794392523
KVSP,2018,Jan,49,3618,13.543394140409067
LAC,2018,Jan,44,3376,13.033175355450236
PBSP,2018,Jan,11,2622,4.195270785659802
SAC,2018,Jan,36,2147,16.767582673497902
SVSP,2018,Jan,33,3578,9.2230296254891
CAC,2018,Feb,4,2310,1.7316017316017316
CCI,2018,Feb,33,3370,9.792284866468844
COR,2018,Feb,46,3133,14.682413022661985
HDSP,2018,Feb,22,3482,6.318207926479035
KVSP,2018,Feb,41,3463,11.839445567427086
LAC,2018,Feb,45,3306,13.611615245009075
PBSP,2018,Feb,14,2664,5.255255255255256
SAC,2018,Feb,40,2188,18.281535648994517
SVSP,2018,Feb,47,3527,13.325772611284377
CAC,2018,Mar,1,2274,0.43975373790677225
CCI,2018,Mar,28,3308,8.464328899637243
COR,2018,Mar,54,3172,17.023959646910466
HDSP,2018,Mar,23,3486,6.5978198508318995
KVSP,2018,Mar,51,3433,14.855811243810079
LAC,2018,Mar,41,3264,12.561274509803923
PBSP,2018,Mar,12,2691,4.459308807134894
SAC,2018,Mar,47,2196,21.402550091074684
SVSP,2018,Mar,59,3480,16.95402298850575
CAC,2018,Apr,2,2284,0.8756567425569177
CCI,2018,Apr,13,3248,4.002463054187192
COR,2018,Apr,44,3200,13.75
HDSP,2018,Apr,23,3473,6.622516556291391
KVSP,2018,Apr,40,3409,11.733646230566148
LAC,2018,Apr,41,3233,12.68171976492422
PBSP,2018,Apr,12,2685,4.4692737430167595
SAC,2018,Apr,52,2172,23.941068139963168
SVSP,2018,Apr,54,3386,15.948021264028352
CAC,2018,May,2,2262,0.8841732979664013
CCI,2018,May,31,3264,9.497549019607842
COR,2018,May,50,3181,15.71832756994656
HDSP,2018,May,29,3439,8.432683919744113
KVSP,2018,May,49,3467,14.133256417652149
LAC,2018,May,56,3229,17.342830597708268
PBSP,2018,May,13,2671,4.867090977162111
SAC,2018,May,61,2207,27.639329406434076
SVSP,2018,May,44,3302,13.325257419745608
CAC,2018,Jun,0,2239,0.0
CCI,2018,Jun,28,3344,8.373205741626794
COR,2018,Jun,46,3228,14.250309789343246
HDSP,2018,Jun,28,3427,8.170411438576014
KVSP,2018,Jun,79,3546,22.27862380146644
LAC,2018,Jun,41,3148,13.024142312579416
PBSP,2018,Jun,11,2647,4.15564790328674
SAC,2018,Jun,48,2182,21.998166819431713
SVSP,2018,Jun,38,3224,11.786600496277917
CAC,2018,Jul,3,2166,1.3850415512465375
CCI,2018,Jul,31,3355,9.239940387481372
COR,2018,Jul,62,3261,19.012572830420115
HDSP,2018,Jul,27,3468,7.7854671280276815
KVSP,2018,Jul,78,3577,21.80598266703942
LAC,2018,Jul,51,3199,15.94248202563301
PBSP,2018,Jul,9,2632,3.419452887537994
SAC,2018,Jul,22,2181,10.087116001834021
SVSP,2018,Jul,44,3202,13.741411617738912
CAC,2018,Aug,0,2259,0.0
CCI,2018,Aug,43,3427,12.547417566384594
COR,2018,Aug,50,3201,15.620118712902219
HDSP,2018,Aug,28,3405,8.223201174743025
KVSP,2018,Aug,71,3679,19.298722478934494
LAC,2018,Aug,54,3196,16.896120150187734
PBSP,2018,Aug,13,2618,4.965622612681436
SAC,2018,Aug,52,2165,24.01847575057737
SVSP,2018,Aug,48,3284,14.616321559074299
CAC,2018,Sep,8,2397,3.337505214851898
CCI,2018,Sep,33,3620,9.116022099447514
COR,2018,Sep,42,3228,13.011152416356877
HDSP,2018,Sep,33,3354,9.838998211091235
KVSP,2018,Sep,63,3683,17.105620418137388
LAC,2018,Sep,56,3198,17.51094434021263
PBSP,2018,Sep,22,2582,8.520526723470178
SAC,2018,Sep,43,2102,20.456707897240722
SVSP,2018,Sep,62,3349,18.512988951925948
CAC,2018,Oct,1,2475,0.40404040404040403
CCI,2018,Oct,61,3817,15.981137018600995
COR,2018,Oct,49,3256,15.049140049140048
HDSP,2018,Oct,33,3311,9.966777408637872
KVSP,2018,Oct,67,3710,18.059299191374663
LAC,2018,Oct,47,3207,14.65544122232616
PBSP,2018,Oct,17,2557,6.64841611263199
SAC,2018,Oct,52,2072,25.096525096525095
SVSP,2018,Oct,55,3363,16.354445435622956
CAC,2018,Nov,2,2463,0.8120178643930166
CCI,2018,Nov,40,4020,9.950248756218905
COR,2018,Nov,41,3357,12.213285671730711
HDSP,2018,Nov,28,3335,8.395802098950524
KVSP,2018,Nov,57,3733,15.269220466113046
LAC,2018,Nov,48,3185,15.070643642072213
PBSP,2018,Nov,18,2574,6.993006993006993
SAC,2018,Nov,47,2080,22.596153846153847
SVSP,2018,Nov,43,3432,12.52913752913753
CAC,2018,Dec,2,2512,0.7961783439490446
CCI,2018,Dec,47,4096,11.474609375
COR,2018,Dec,55,3264,16.85049019607843
HDSP,2018,Dec,43,3340,12.874251497005988
KVSP,2018,Dec,50,3757,13.308490817141337
LAC,2018,Dec,31,3183,9.7392397109645
PBSP,2018,Dec,12,2560,4.6875
SAC,2018,Dec,40,2091,19.12960306073649
SVSP,2018,Dec,55,3403,16.162209814869232
CAC,2019,Jan,4,2492,1.6051364365971108
CCI,2019,Jan,44,4081,10.781671159029651
COR,2019,Jan,57,3324,17.148014440433215
HDSP,2019,Jan,28,3251,8.61273454321747
KVSP,2019,Jan,53,3738,14.178705189941144
LAC,2019,Jan,51,3164,16.11883691529709
PBSP,2019,Jan,14,2583,5.420054200542006
SAC,2019,Jan,55,2132,25.797373358348967
SVSP,2019,Jan,51,3395,15.022091310751104
CAC,2019,Feb,4,2418,1.6542597187758479
CCI,2019,Feb,33,4027,8.194685870374968
COR,2019,Feb,59,3383,17.44014188590009
HDSP,2019,Feb,23,3193,7.203257124960852
KVSP,2019,Feb,59,3727,15.8304266165817
LAC,2019,Feb,33,3144,10.49618320610687
PBSP,2019,Feb,15,2564,5.850234009360374
SAC,2019,Feb,38,2076,18.304431599229286
SVSP,2019,Feb,52,3476,14.959723820483314
CAC,2019,Mar,4,2434,1.6433853738701725
CCI,2019,Mar,38,3958,9.600808489135927
COR,2019,Mar,61,3389,17.999409855414576
HDSP,2019,Mar,24,3236,7.416563658838072
KVSP,2019,Mar,58,3753,15.454303224087397
LAC,2019,Mar,46,3165,14.533965244865719
PBSP,2019,Mar,14,2561,5.4666146036704415
SAC,2019,Mar,46,2086,22.051773729626078
SVSP,2019,Mar,53,3454,15.344528083381586
CAC,2019,Apr,3,2432,1.2335526315789473
CCI,2019,Apr,40,3923,10.196278358399185
COR,2019,Apr,60,3279,18.298261665141812
HDSP,2019,Apr,38,3199,11.878712097530478
KVSP,2019,Apr,57,3710,15.36388140161725
LAC,2019,Apr,54,3230,16.71826625386997
PBSP,2019,Apr,9,2594,3.469545104086353
SAC,2019,Apr,59,2132,27.673545966228893
SVSP,2019,Apr,52,3387,15.352819604369648
CAC,2019,May,2,2466,0.8110300081103001
CCI,2019,May,57,3888,14.660493827160494
COR,2019,May,54,3228,16.728624535315983
HDSP,2019,May,29,3144,9.223918575063612
KVSP,2019,May,58,3677,15.773728583084036
LAC,2019,May,62,3231,19.189105540080472
PBSP,2019,May,14,2604,5.376344086021506
SAC,2019,May,51,2131,23.932426091037073
SVSP,2019,May,50,3242,15.42257865515114
CAC,2019,Jun,1,2458,0.4068348250610252
CCI,2019,Jun,47,3767,12.47677196708256
COR,2019,Jun,62,3223,19.23673596028545
HDSP,2019,Jun,23,3141,7.322508755173511
KVSP,2019,Jun,69,3631,19.003029468465986
LAC,2019,Jun,41,3239,12.658227848101266
PBSP,2019,Jun,7,2668,2.623688155922039
SAC,2019,Jun,63,2136,29.49438202247191
SVSP,2019,Jun,59,3203,18.420231033406182
CAC,2019,Jul,4,2367,1.6899028305872412
CCI,2019,Jul,26,3701,7.025128343690895
COR,2019,Jul,52,3205,16.224648985959437
HDSP,2019,Jul,26,3148,8.259212198221093
KVSP,2019,Jul,52,3609,14.408423385979495
LAC,2019,Jul,63,3217,19.5834628535903
PBSP,2019,Jul,15,2629,5.705591479650057
SAC,2019,Jul,69,2152,32.0631970260223
SVSP,2019,Jul,54,3191,16.922594797869007
CAC,2019,Aug,5,2330,2.1459227467811157
CCI,2019,Aug,35,3732,9.378349410503752
COR,2019,Aug,48,3237,14.828544949026877
HDSP,2019,Aug,37,3338,11.084481725584181
KVSP,2019,Aug,64,3621,17.67467550400442
LAC,2019,Aug,44,3197,13.76290272130122
PBSP,2019,Aug,17,2621,6.486074017550553
SAC,2019,Aug,62,2158,28.73030583873957
SVSP,2019,Aug,43,3101,13.866494679135764
CAC,2019,Sep,1,2382,0.41981528127623846
CCI,2019,Sep,46,3802,12.09889531825355
COR,2019,Sep,50,3270,15.290519877675841
HDSP,2019,Sep,36,3211,11.211460604173155
KVSP,2019,Sep,44,3584,12.276785714285714
LAC,2019,Sep,47,3157,14.887551472917327
PBSP,2019,Sep,10,2622,3.8138825324180012
SAC,2019,Sep,62,2156,28.7569573283859
SVSP,2019,Sep,57,3060,18.627450980392158
CAC,2019,Oct,5,2346,2.131287297527707
CCI,2019,Oct,27,3774,7.154213036565978
COR,2019,Oct,41,3273,12.526733883287504
HDSP,2019,Oct,34,3219,10.56228642435539
KVSP,2019,Oct,57,3607,15.802606043803715
LAC,2019,Oct,48,3165,15.165876777251185
PBSP,2019,Oct,10,2649,3.775009437523594
SAC,2019,Oct,72,2184,32.96703296703297
SVSP,2019,Oct,30,2982,10.060362173038229
CAC,2019,Nov,4,2252,1.7761989342806395
CCI,2019,Nov,28,3743,7.480630510285867
COR,2019,Nov,42,3197,13.137316233969347
HDSP,2019,Nov,29,3182,9.113764927718416
KVSP,2019,Nov,57,3649,15.620718004932858
LAC,2019,Nov,46,3180,14.465408805031446
PBSP,2019,Nov,14,2607,5.370157268891446
SAC,2019,Nov,59,2242,26.31578947368421
SVSP,2019,Nov,47,3011,15.609432082364663
CAC,2019,Dec,5,2192,2.2810218978102186
CCI,2019,Dec,31,3719,8.335574079053508
COR,2019,Dec,24,3186,7.532956685499058
HDSP,2019,Dec,30,3122,9.609224855861628
KVSP,2019,Dec,54,3625,14.89655172413793
LAC,2019,Dec,33,3230,10.216718266253869
PBSP,2019,Dec,2,2605,0.7677543186180422
SAC,2019,Dec,6,2306,2.6019080659150045
SVSP,2019,Dec,49,2986,16.409912926992632
CAC,2020,Jan,0,2151,0.0
CAC,2020,Jan,6,2151,2.7894002789400276
CCI,2020,Jan,0,3715,0.0
CCI,2020,Jan,41,3715,11.036339165545087
COR,2020,Jan,0,3091,0.0
COR,2020,Jan,26,3091,8.411517308314462
HDSP,2020,Jan,0,3177,0.0
HDSP,2020,Jan,27,3177,8.4985835694051
KVSP,2020,Jan,0,3587,0.0
KVSP,2020,Jan,37,3587,10.31502648452746
LAC,2020,Jan,0,3253,0.0
LAC,2020,Jan,43,3253,13.218567476175837
PBSP,2020,Jan,0,2657,0.0
PBSP,2020,Jan,24,2657,9.03274369589763
SAC,2020,Jan,0,2387,0.0
SAC,2020,Jan,57,2387,23.87934645999162
SVSP,2020,Jan,0,2968,0.0
SVSP,2020,Jan,52,2968,17.52021563342318
CAC,2020,Feb,0,2120,0.0
CAC,2020,Feb,5,2120,2.3584905660377355
CCI,2020,Feb,0,3679,0.0
CCI,2020,Feb,35,3679,9.513454743136721
COR,2020,Feb,0,2965,0.0
COR,2020,Feb,24,2965,8.094435075885327
HDSP,2020,Feb,0,3270,0.0
HDSP,2020,Feb,41,3270,12.53822629969419
KVSP,2020,Feb,0,3551,0.0
KVSP,2020,Feb,57,3551,16.051816389749366
LAC,2020,Feb,0,3244,0.0
LAC,2020,Feb,38,3244,11.713933415536376
PBSP,2020,Feb,0,2636,0.0
PBSP,2020,Feb,27,2636,10.24279210925645
SAC,2020,Feb,0,2465,0.0
SAC,2020,Feb,62,2465,25.15212981744422
SVSP,2020,Feb,0,3000,0.0
SVSP,2020,Feb,66,3000,22.0
CAC,2020,Mar,0,2076,0.0
CAC,2020,Mar,5,2076,2.4084778420038533
CCI,2020,Mar,0,3684,0.0
CCI,2020,Mar,40,3684,10.857763300760043
COR,2020,Mar,0,2859,0.0
COR,2020,Mar,23,2859,8.044770898915706
HDSP,2020,Mar,0,3364,0.0
HDSP,2020,Mar,39,3364,11.59334126040428
KVSP,2020,Mar,0,3643,0.0
KVSP,2020,Mar,46,3643,12.626955805654681
LAC,2020,Mar,0,3260,0.0
LAC,2020,Mar,41,3260,12.576687116564418
PBSP,2020,Mar,0,2684,0.0
PBSP,2020,Mar,13,2684,4.843517138599106
SAC,2020,Mar,0,2445,0.0
SAC,2020,Mar,68,2445,27.811860940695297
SVSP,2020,Mar,0,2972,0.0
SVSP,2020,Mar,55,2972,18.50605652759085
CAC,2020,Apr,0,2086,0.0
CAC,2020,Apr,4,2086,1.9175455417066154
CCI,2020,Apr,0,3537,0.0
CCI,2020,Apr,35,3537,9.895391574780888
COR,2020,Apr,0,3759,0.0
COR,2020,Apr,21,3759,5.58659217877095
HDSP,2020,Apr,0,3297,0.0
HDSP,2020,Apr,29,3297,8.795875037913254
KVSP,2020,Apr,0,3580,0.0
KVSP,2020,Apr,66,3580,18.435754189944134
LAC,2020,Apr,0,3208,0.0
LAC,2020,Apr,25,3208,7.793017456359102
PBSP,2020,Apr,0,2614,0.0
PBSP,2020,Apr,12,2614,4.590665646518746
SAC,2020,Apr,0,2390,0.0
SAC,2020,Apr,47,2390,19.665271966527197
SVSP,2020,Apr,0,2916,0.0
SVSP,2020,Apr,45,2916,15.432098765432098
CAC,2020,May,0,2206,0.0
CAC,2020,May,7,2206,3.173164097914778
CCI,2020,May,0,3679,0.0
CCI,2020,May,38,3679,10.328893721119869
COR,2020,May,0,3780,0.0
COR,2020,May,26,3780,6.878306878306878
HDSP,2020,May,0,3465,0.0
HDSP,2020,May,33,3465,9.523809523809526
KVSP,2020,May,0,3692,0.0
KVSP,2020,May,31,3692,8.396533044420368
LAC,2020,May,0,3192,0.0
LAC,2020,May,35,3192,10.964912280701753
PBSP,2020,May,0,2587,0.0
PBSP,2020,May,11,2587,4.252029377657518
SAC,2020,May,0,2373,0.0
SAC,2020,May,77,2373,32.448377581120944
SVSP,2020,May,0,2945,0.0
SVSP,2020,May,45,2945,15.280135823429541
CAC,2020,Jun,0,2167,0.0
CAC,2020,Jun,8,2167,3.691739732348869
CCI,2020,Jun,0,3736,0.0
CCI,2020,Jun,53,3736,14.18629550321199
COR,2020,Jun,0,3618,0.0
COR,2020,Jun,23,3618,6.357103372028745
HDSP,2020,Jun,0,3589,0.0
HDSP,2020,Jun,33,3589,9.19476177208136
KVSP,2020,Jun,0,3748,0.0
KVSP,2020,Jun,40,3748,10.672358591248667
LAC,2020,Jun,0,3149,0.0
LAC,2020,Jun,22,3149,6.986344871387741
PBSP,2020,Jun,0,2535,0.0
PBSP,2020,Jun,8,2535,3.1558185404339247
SAC,2020,Jun,0,2394,0.0
SAC,2020,Jun,54,2394,22.55639097744361
SVSP,2020,Jun,0,2938,0.0
SVSP,2020,Jun,51,2938,17.358747447243022
CAC,2020,Jul,0,2100,0.0
CCI,2020,Jul,0,3472,0.0
CCI,2020,Jul,27,3472,7.776497695852535
COR,2020,Jul,0,3497,0.0
COR,2020,Jul,15,3497,4.2893909064912785
HDSP,2020,Jul,0,3480,0.0
HDSP,2020,Jul,28,3480,8.045977011494253
KVSP,2020,Jul,0,3631,0.0
KVSP,2020,Jul,35,3631,9.639217846323328
LAC,2020,Jul,0,3114,0.0
LAC,2020,Jul,23,3114,7.385998715478484
PBSP,2020,Jul,0,2444,0.0
PBSP,2020,Jul,11,2444,4.500818330605565
SAC,2020,Jul,0,2354,0.0
SAC,2020,Jul,60,2354,25.488530161427356
SVSP,2020,Jul,0,2863,0.0
SVSP,2020,Jul,34,2863,11.875654907439747
CAC,2020,Aug,0,2250,0.0
CAC,2020,Aug,9,2250,4.0
CCI,2020,Aug,0,3346,0.0
CCI,2020,Aug,25,3346,7.471607890017932
COR,2020,Aug,0,3363,0.0
COR,2020,Aug,14,3363,4.162949747249479
HDSP,2020,Aug,0,3375,0.0
HDSP,2020,Aug,24,3375,7.111111111111112
KVSP,2020,Aug,0,3577,0.0
KVSP,2020,Aug,26,3577,7.26866088901314
LAC,2020,Aug,0,3067,0.0
LAC,2020,Aug,19,3067,6.19497880665145
PBSP,2020,Aug,0,2394,0.0
PBSP,2020,Aug,10,2394,4.177109440267335
SAC,2020,Aug,0,2292,0.0
SAC,2020,Aug,57,2292,24.869109947643977
SVSP,2020,Aug,0,2801,0.0
SVSP,2020,Aug,40,2801,14.280614066404857
CAC,2020,Sep,0,2212,0.0
CAC,2020,Sep,1,2212,0.4520795660036166
CCI,2020,Sep,0,3137,0.0
CCI,2020,Sep,22,3137,7.013069811922219
COR,2020,Sep,0,3285,0.0
COR,2020,Sep,15,3285,4.5662100456621
HDSP,2020,Sep,0,3379,0.0
HDSP,2020,Sep,27,3379,7.990529742527374
KVSP,2020,Sep,0,3582,0.0
KVSP,2020,Sep,25,3582,6.979341150195421
LAC,2020,Sep,0,3023,0.0
LAC,2020,Sep,28,3023,9.26232219649355
PBSP,2020,Sep,0,2333,0.0
PBSP,2020,Sep,7,2333,3.0004286326618086
SAC,2020,Sep,0,2283,0.0
SAC,2020,Sep,49,2283,21.462987297415683
SVSP,2020,Sep,0,2804,0.0
SVSP,2020,Sep,33,2804,11.768901569186877
CAC,2020,Oct,0,2175,0.0
CAC,2020,Oct,4,2175,1.839080459770115
CCI,2020,Oct,0,3034,0.0
CCI,2020,Oct,27,3034,8.899143045484509
COR,2020,Oct,0,3013,0.0
COR,2020,Oct,15,3013,4.978426817125788
HDSP,2020,Oct,0,3367,0.0
HDSP,2020,Oct,33,3367,9.801009801009801
KVSP,2020,Oct,0,3691,0.0
KVSP,2020,Oct,33,3691,8.940666486047142
LAC,2020,Oct,0,2870,0.0
LAC,2020,Oct,21,2870,7.317073170731708
PBSP,2020,Oct,0,2307,0.0
PBSP,2020,Oct,6,2307,2.6007802340702213
SAC,2020,Oct,0,2290,0.0
SAC,2020,Oct,60,2290,26.200873362445414
SVSP,2020,Oct,0,2844,0.0
SVSP,2020,Oct,38,2844,13.361462728551336
CAC,2020,Nov,0,2109,0.0
CAC,2020,Nov,2,2109,0.948316737790422
CCI,2020,Nov,0,3017,0.0
CCI,2020,Nov,28,3017,9.280742459396752
COR,2020,Nov,0,3025,0.0
COR,2020,Nov,10,3025,3.3057851239669422
HDSP,2020,Nov,0,3366,0.0
HDSP,2020,Nov,12,3366,3.5650623885918002
KVSP,2020,Nov,0,3711,0.0
KVSP,2020,Nov,22,3711,5.928321207221773
LAC,2020,Nov,0,2807,0.0
LAC,2020,Nov,29,2807,10.331314570716067
PBSP,2020,Nov,0,2261,0.0
PBSP,2020,Nov,9,2261,3.9805395842547546
SAC,2020,Nov,0,2291,0.0
SAC,2020,Nov,44,2291,19.20558707987778
SVSP,2020,Nov,0,2865,0.0
SVSP,2020,Nov,40,2865,13.961605584642234
CAC,2020,Dec,0,2044,0.0
CAC,2020,Dec,2,2044,0.9784735812133072
CCI,2020,Dec,0,2948,0.0
CCI,2020,Dec,20,2948,6.784260515603799
COR,2020,Dec,0,2972,0.0
COR,2020,Dec,10,2972,3.3647375504710633
HDSP,2020,Dec,0,3337,0.0
HDSP,2020,Dec,11,3337,3.296373988612526
KVSP,2020,Dec,0,3687,0.0
KVSP,2020,Dec,19,3687,5.153241117439653
LAC,2020,Dec,0,2778,0.0
LAC,2020,Dec,18,2778,6.479481641468682
PBSP,2020,Dec,0,2228,0.0
PBSP,2020,Dec,5,2228,2.244165170556553
SAC,2020,Dec,0,2272,0.0
SAC,2020,Dec,48,2272,21.12676056338028
SVSP,2020,Dec,0,2851,0.0
SVSP,2020,Dec,30,2851,10.52262364082778
CAC,2021,Jan,6,2017,2.974714923153198
CCI,2021,Jan,18,2960,6.081081081081082
COR,2021,Jan,9,2973,3.0272452068617555
HDSP,2021,Jan,21,3326,6.313890559230307
KVSP,2021,Jan,45,3696,12.175324675324676
LAC,2021,Jan,20,2747,7.280669821623589
PBSP,2021,Jan,9,2210,4.0723981900452495
SAC,2021,Jan,37,2277,16.249451032059728
SVSP,2021,Jan,35,2935,11.92504258943782
CAC,2021,Feb,2,1942,1.0298661174047374
CCI,2021,Feb,21,2941,7.140428425705543
COR,2021,Feb,17,3010,5.647840531561462
HDSP,2021,Feb,22,3319,6.628502561012353
KVSP,2021,Feb,39,3691,10.566242210782985
LAC,2021,Feb,20,2725,7.339449541284404
PBSP,2021,Feb,10,2201,4.543389368468878
SAC,2021,Feb,46,2274,20.22867194371152
SVSP,2021,Feb,61,3023,20.178630499503807
CAC,2021,Mar,4,1863,2.147074610842727
CCI,2021,Mar,24,2925,8.205128205128204
COR,2021,Mar,16,3056,5.235602094240838
HDSP,2021,Mar,28,3325,8.421052631578947
KVSP,2021,Mar,43,3700,11.621621621621621
LAC,2021,Mar,23,2730,8.424908424908425
PBSP,2021,Mar,14,2172,6.445672191528545
SAC,2021,Mar,45,2267,19.850022055580062
SVSP,2021,Mar,66,3090,21.359223300970875
CAC,2021,Apr,10,2001,4.997501249375313
CCI,2021,Apr,20,2984,6.702412868632708
COR,2021,Apr,22,3118,7.055805003207183
HDSP,2021,Apr,34,3340,10.179640718562874
KVSP,2021,Apr,31,3649,8.495478213209099
LAC,2021,Apr,24,2791,8.599068434252956
PBSP,2021,Apr,3,2149,1.3959981386691485
SAC,2021,Apr,43,2240,19.196428571428573
SVSP,2021,Apr,64,3091,20.705273374312522
CAC,2021,May,2,2018,0.9910802775024776
CCI,2021,May,27,2979,9.06344410876133
COR,2021,May,27,3171,8.514664143803218
HDSP,2021,May,38,3298,11.522134627046695
KVSP,2021,May,27,3571,7.560907308877065
LAC,2021,May,30,2819,10.642071656615823
PBSP,2021,May,17,2105,8.076009501187649
SAC,2021,May,58,2221,26.114362899594777
SVSP,2021,May,63,3065,20.554649265905383
CAC,2021,Jun,2,2110,0.9478672985781991
CCI,2021,Jun,22,3013,7.301692665117823
COR,2021,Jun,19,3288,5.778588807785888
HDSP,2021,Jun,32,3319,9.641458270563422
KVSP,2021,Jun,32,3531,9.062588501840837
LAC,2021,Jun,19,2806,6.7712045616536
PBSP,2021,Jun,7,2129,3.2879286049788634
SAC,2021,Jun,43,2166,19.852262234533704
SVSP,2021,Jun,61,3047,20.019691499835904
CAC,2021,Jul,9,2076,4.335260115606936
CCI,2021,Jul,22,2869,7.668177065179505
COR,2021,Jul,16,3270,4.892966360856269
HDSP,2021,Jul,19,3255,5.837173579109063
KVSP,2021,Jul,33,3497,9.436659994280813
LAC,2021,Jul,45,2771,16.239624684229522
PBSP,2021,Jul,16,2147,7.452258965999069
SAC,2021,Jul,42,2118,19.8300283286119
SVSP,2021,Jul,65,3044,21.353482260183966
CAC,2021,Aug,6,2127,2.8208744710860367
CCI,2021,Aug,26,2817,9.229676961306355
COR,2021,Aug,18,3418,5.26623756582797
HDSP,2021,Aug,21,3261,6.439742410303588
KVSP,2021,Aug,32,3517,9.098663633778788
LAC,2021,Aug,28,2782,10.0647016534867
PBSP,2021,Aug,4,2136,1.8726591760299625
SAC,2021,Aug,39,2113,18.457169900615238
SVSP,2021,Aug,63,3042,20.710059171597635
CAC,2021,Sep,4,2135,1.873536299765808
CCI,2021,Sep,23,2719,8.45899227657227
COR,2021,Sep,32,3464,9.237875288683602
HDSP,2021,Sep,23,3246,7.085643869377695
KVSP,2021,Sep,23,3493,6.584597766962497
LAC,2021,Sep,40,2821,14.179369018078695
PBSP,2021,Sep,8,2101,3.8077106139933363
SAC,2021,Sep,38,2059,18.455560951918407
SVSP,2021,Sep,44,3032,14.511873350923484
CAC,2021,Oct,11,2110,5.213270142180095
CCI,2021,Oct,15,2678,5.601194921583271
COR,2021,Oct,22,3521,6.248224936097699
HDSP,2021,Oct,31,3229,9.600495509445649
KVSP,2021,Oct,16,3480,4.597701149425287
LAC,2021,Oct,46,2816,16.335227272727273
PBSP,2021,Oct,13,2061,6.307617661329452
SAC,2021,Oct,51,2044,24.951076320939332
SVSP,2021,Oct,78,3000,26.0
CAC,2021,Nov,6,2146,2.7958993476234855
CCI,2021,Nov,24,2703,8.879023307436182
COR,2021,Nov,17,3657,4.648619086683073
HDSP,2021,Nov,34,2984,11.394101876675604
KVSP,2021,Nov,24,3449,6.958538706871557
LAC,2021,Nov,41,2773,14.785430941218896
PBSP,2021,Nov,12,2041,5.879470847623714
SAC,2021,Nov,64,2028,31.558185404339252
SVSP,2021,Nov,49,3041,16.113120683985528
CAC,2021,Dec,1,2167,0.46146746654360865
CCI,2021,Dec,39,3100,12.580645161290322
COR,2021,Dec,37,3651,10.13420980553273
HDSP,2021,Dec,16,2349,6.811409110259685
KVSP,2021,Dec,26,3426,7.589025102159954
LAC,2021,Dec,44,2819,15.608371763036537
PBSP,2021,Dec,11,2005,5.486284289276808
SAC,2021,Dec,44,1943,22.645393721049924
SVSP,2021,Dec,57,3062,18.615284128020903
CAC,2022,Jan,1,2051,0.4875670404680643
CCI,2022,Jan,46,3071,14.978834255942688
COR,2022,Jan,30,3532,8.493771234428085
HDSP,2022,Jan,7,2269,3.085059497576025
KVSP,2022,Jan,22,3376,6.516587677725118
LAC,2022,Jan,32,2805,11.408199643493761
PBSP,2022,Jan,8,1951,4.1004613018964635
SAC,2022,Jan,42,1860,22.58064516129032
SVSP,2022,Jan,38,3032,12.532981530343008
CAC,2022,Feb,6,1994,3.009027081243731
CCI,2022,Feb,26,3157,8.235666772252138
COR,2022,Feb,20,3484,5.7405281285878305
HDSP,2022,Feb,10,2259,4.426737494466578
KVSP,2022,Feb,27,3404,7.931844888366627
LAC,2022,Feb,57,2794,20.40085898353615
PBSP,2022,Feb,4,1935,2.0671834625322996
SAC,2022,Feb,23,1827,12.588943623426381
SVSP,2022,Feb,54,3022,17.86896095301125
CAC,2022,Mar,5,2065,2.4213075060532687
CCI,2022,Mar,39,3152,12.373096446700508
COR,2022,Mar,26,3467,7.499278915488896
HDSP,2022,Mar,31,2285,13.566739606126914
KVSP,2022,Mar,24,3323,7.222389407162202
LAC,2022,Mar,41,2799,14.648088603072527
PBSP,2022,Mar,14,1872,7.478632478632479
SAC,2022,Mar,38,1778,21.372328458942633
SVSP,2022,Mar,48,2923,16.421484775915154
CAC,2022,Apr,3,2057,1.4584346135148274
CCI,2022,Apr,52,3150,16.50793650793651
COR,2022,Apr,37,3457,10.702921608330923
HDSP,2022,Apr,22,2401,9.162848812994586
KVSP,2022,Apr,36,3259,11.04633323105247
LAC,2022,Apr,51,2697,18.909899888765295
PBSP,2022,Apr,12,1839,6.525285481239805
SAC,2022,Apr,41,1948,21.04722792607803
SVSP,2022,Apr,49,2920,16.78082191780822
CAC,2022,May,0,2051,0.0
CCI,2022,May,39,3069,12.707722385141741
COR,2022,May,42,3481,12.065498419994254
HDSP,2022,May,23,2204,10.43557168784029
KVSP,2022,May,36,3147,11.439466158245947
LAC,2022,May,43,2656,16.18975903614458
PBSP,2022,May,3,1747,1.7172295363480252
SAC,2022,May,57,2010,28.358208955223883
SVSP,2022,May,68,2928,23.224043715846996
CAC,2022,Jun,1,1963,0.5094243504839532
CCI,2022,Jun,28,3051,9.177318911832186
COR,2022,Jun,62,3466,17.88805539526832
HDSP,2022,Jun,18,1968,9.146341463414634
KVSP,2022,Jun,38,3045,12.479474548440065
LAC,2022,Jun,66,2378,27.754415475189237
PBSP,2022,Jun,11,1696,6.485849056603774
SAC,2022,Jun,56,2108,26.565464895635674
SVSP,2022,Jun,42,2974,14.122394082044385
CAC,2022,Jul,4,1934,2.0682523267838677
CCI,2022,Jul,32,2998,10.67378252168112
COR,2022,Jul,35,3476,10.069044879171463
HDSP,2022,Jul,10,1859,5.3792361484669176
KVSP,2022,Jul,31,2965,10.45531197301855
LAC,2022,Jul,64,2371,26.992830029523407
PBSP,2022,Jul,9,1684,5.344418052256532
SAC,2022,Jul,53,2077,25.51757342320655
SVSP,2022,Jul,54,3003,17.982017982017982
CAC,2022,Aug,7,1954,3.5823950870010237
CCI,2022,Aug,38,2960,12.837837837837839
COR,2022,Aug,39,3433,11.360326245266531
HDSP,2022,Aug,22,1819,12.094557449147883
KVSP,2022,Aug,37,2878,12.856150104239054
LAC,2022,Aug,59,2400,24.583333333333332
PBSP,2022,Aug,8,1692,4.7281323877068555
SAC,2022,Aug,71,2083,34.08545367258761
SVSP,2022,Aug,71,3036,23.386034255599473
CAC,2022,Sep,8,2003,3.99400898652022
CCI,2022,Sep,38,2957,12.850862360500507
COR,2022,Sep,33,3416,9.660421545667448
HDSP,2022,Sep,17,1770,9.6045197740113
KVSP,2022,Sep,33,2680,12.313432835820896
LAC,2022,Sep,50,2413,20.721094073767095
PBSP,2022,Sep,11,1757,6.260671599317018
SAC,2022,Sep,66,1996,33.06613226452906
SVSP,2022,Sep,49,3026,16.192994051553203
CAC,2022,Oct,12,1936,6.198347107438017
CCI,2022,Oct,41,2890,14.186851211072664
COR,2022,Oct,45,3323,13.54198013842913
HDSP,2022,Oct,9,2382,3.778337531486146
KVSP,2022,Oct,22,2611,8.425890463423976
LAC,2022,Oct,52,2445,21.267893660531698
PBSP,2022,Oct,18,1783,10.095344924284914
SAC,2022,Oct,40,1971,20.294266869609334
SVSP,2022,Oct,53,3028,17.50330250990753
CAC,2022,Nov,4,1930,2.0725388601036268
CCI,2022,Nov,38,2806,13.5424091233072
COR,2022,Nov,44,3267,13.468013468013467
HDSP,2022,Nov,9,2331,3.8610038610038613
KVSP,2022,Nov,18,2533,7.106198183971575
LAC,2022,Nov,65,2479,26.220250100847117
PBSP,2022,Nov,18,1817,9.906439185470555
SAC,2022,Nov,54,1935,27.906976744186046
SVSP,2022,Nov,70,3047,22.97341647522153
CAC,2022,Dec,4,1837,2.177463255307567
CCI,2022,Dec,29,2725,10.642201834862384
COR,2022,Dec,62,3387,18.305284912902273
HDSP,2022,Dec,8,2407,3.3236393851267136
KVSP,2022,Dec,26,2485,10.46277665995976
LAC,2022,Dec,51,2523,20.214030915576696
PBSP,2022,Dec,21,1770,11.864406779661017
SAC,2022,Dec,44,1782,24.691358024691358
SVSP,2022,Dec,42,3046,13.788575180564676
CAC,2023,Jan,7,1820,3.8461538461538463
CCI,2023,Jan,34,2651,12.825348924933987
COR,2023,Jan,73,3497,20.87503574492422
HDSP,2023,Jan,10,2123,4.710315591144607
KVSP,2023,Jan,17,2496,6.810897435897436
LAC,2023,Jan,59,2554,23.101018010963198
PBSP,2023,Jan,20,1740,11.494252873563218
SAC,2023,Jan,50,1640,30.48780487804878
SVSP,2023,Jan,48,3012,15.936254980079681
CAC,2023,Feb,4,1771,2.258610954263128
CCI,2023,Feb,44,2572,17.107309486780714
COR,2023,Feb,51,3484,14.638346727898966
HDSP,2023,Feb,9,2020,4.455445544554455
KVSP,2023,Feb,20,2481,8.061265618702135
LAC,2023,Feb,74,2570,28.793774319066145
PBSP,2023,Feb,12,1713,7.005253940455342
SAC,2023,Feb,44,1586,27.742749054224465
SVSP,2023,Feb,41,3053,13.429413691451032
CAC,2023,Mar,7,1655,4.229607250755287
CCI,2023,Mar,19,2383,7.973143096936634
COR,2023,Mar,59,3463,17.037250938492637
HDSP,2023,Mar,26,2352,11.054421768707483
KVSP,2023,Mar,32,2591,12.350443844075647
LAC,2023,Mar,65,2637,24.649222601441032
PBSP,2023,Mar,17,1676,10.143198090692124
SAC,2023,Mar,61,1509,40.424121935056334
SVSP,2023,Mar,64,2985,21.440536013400337
CAC,2023,Apr,6,1387,4.325883201153569
CCI,2023,Apr,23,2188,10.511882998171846
COR,2023,Apr,67,3403,19.68851013811343
HDSP,2023,Apr,19,2573,7.384376214535562
KVSP,2023,Apr,30,2685,11.1731843575419
LAC,2023,Apr,68,2636,25.796661608497722
PBSP,2023,Apr,17,1632,10.416666666666666
SAC,2023,Apr,62,1512,41.00529100529101
SVSP,2023,Apr,57,2990,19.06354515050167
CAC,2023,May,2,1025,1.951219512195122
CCI,2023,May,19,1937,9.80898296334538
COR,2023,May,43,3337,12.885825591848965
HDSP,2023,May,12,2562,4.68384074941452
KVSP,2023,May,32,2763,11.58161418747738
LAC,2023,May,87,2626,33.13023610053313
PBSP,2023,May,16,1631,9.809932556713672
SAC,2023,May,66,1556,42.41645244215938
SVSP,2023,May,61,2994,20.374081496325985
CAC,2023,Jun,0,642,0.0
CCI,2023,Jun,24,1661,14.449127031908489
COR,2023,Jun,34,3389,10.032457952198289
HDSP,2023,Jun,16,2501,6.397441023590564
KVSP,2023,Jun,35,2793,12.531328320802004
LAC,2023,Jun,91,2660,34.21052631578947
PBSP,2023,Jun,9,1627,5.531653349723417
SAC,2023,Jun,47,1759,26.7197271176805
SVSP,2023,Jun,64,2986,21.433355659745477
